0 0 0 0
0 0 0 0
0 0 0 0
0 0 0 0
0 0 0 0
0 0 0 0
0 0 0 0
0 0 0 0
0 0 0 -12
-12 -12 -12 -12
-12 -12 -12 -12
-12 -12 -12 -12
-12 -12 -12 -12
-12 -12 0 0
0 0 0 0
0 0 0 0
0 0 -12 -12
-12 -12 -24 -24
-24 -36 -36 -36
-36 -36 -36 -36
-36 -36 -36 -36
-24 -24 -12 -12
0 12 24 36
36 48 48 48
36 24 12 -12
-24 -48 -72 -96
-108 -120 -132 -120
-168 -156 -132 -108
-72 -24 36 108
204 324 468 648
732 960 1200 1464
1752 2040 2352 2688
3024 3396 3792 4212
4476 4920 5364 5808
6252 6696 7128 7560
7992 8424 8880 9336
9588 10044 10500 10944
11376 11784 12180 12576
12948 13332 13728 14136
14292 14700 15108 15564
15960 16344 16716 17076
17436 17796 18180 18564
18648 19020 19416 19896
20256 20604 20940 21276
21588 21912 22248 22584
22608 22932 23268 23748
24060 24348 24636 24924
25176 25452 25728 26016
25956 26220 26496 26976
27228 27456 27696 27936
28140 28356 28584 28812
28680 28884 29100 29556
29748 29916 30096 30276
30420 30576 30744 30900
30696 30828 30984 31416
31524 31632 31752 31860
31944 32040 32136 32232
31956 32016 32100 32484
32532 32568 32616 32664
32688 32712 32736 32760
32424 32412 32424 32760
32736 32712 32688 32664
32616 32568 32532 32484
32100 32016 31956 32232
32136 32040 31944 31860
31752 31632 31524 31404
30984 30828 30696 30900
30744 30576 30420 30276
30096 29916 29748 29556
29100 28884 28680 28812
28584 28368 28152 27936
27708 27468 27228 26988
26508 26220 25956 26016
25728 25452 25176 24912
24624 24336 24048 23736
23256 22920 22596 22584
22248 21912 21588 21276
20952 20616 20268 19920
19440 19056 18672 18588
18204 17832 17472 17112
16752 16380 15996 15600
15132 14712 14304 14136
13728 13320 12924 12540
12144 11736 11328 10896
10464 10008 9576 9336
8904 8472 8052 7644
7224 6804 6372 5928
5532 5064 4608 4308
3852 3420 2988 2568
2148 1716 1272 816
468 0 -468 -828
-1284 -1716 -2148 -2580
-3000 -3432 -3864 -4320
-4620 -5076 -5544 -5940
-6384 -6816 -7236 -7656
-8064 -8484 -8916 -9348
-9588 -10020 -10476 -10908
-11340 -11748 -12144 -12552
-12936 -13332 -13740 -14148
-14316 -14724 -15144 -15612
-16008 -16380 -16764 -17124
-17484 -17844 -18216 -18600
-18684 -19056 -19440 -19932
-20280 -20628 -20952 -21288
-21600 -21924 -22260 -22596
-22608 -22932 -23268 -23748
-24060 -24348 -24636 -24924
-25188 -25464 -25740 -26028
-25968 -26232 -26520 -27000
-27240 -27480 -27720 -27948
-28152 -28380 -28596 -28824
-28692 -28896 -29112 -29568
-29760 -29928 -30108 -30288
-30432 -30588 -30756 -30912
-30708 -30840 -30996 -31416
-31536 -31644 -31764 -31872
-31956 -32052 -32148 -32244
-31968 -32028 -32112 -32496
-32544 -32580 -32628 -32676
-32700 -32724 -32748 32764
-32436 -32424 -32436 32764
-32748 -32724 -32700 -32676
-32628 -32580 -32544 -32496
-32112 -32028 -31968 -32244
-32148 -32052 -31956 -31872
-31764 -31644 -31536 -31416
-30996 -30840 -30708 -30912
-30756 -30588 -30432 -30288
-30108 -29928 -29760 -29568
-29112 -28896 -28692 -28824
-28596 -28380 -28152 -27948
-27720 -27480 -27240 -27000
-26520 -26232 -25968 -26028
-25740 -25464 -25188 -24924
-24636 -24348 -24060 -23748
-23268 -22932 -22608 -22596
-22260 -21924 -21600 -21288
-20952 -20628 -20280 -19932
-19440 -19056 -18684 -18600
-18216 -17844 -17484 -17124
-16764 -16380 -16008 -15612
-15144 -14724 -14316 -14148
-13740 -13332 -12936 -12552
-12144 -11748 -11340 -10908
-10476 -10020 -9588 -9348
-8916 -8484 -8064 -7656
-7236 -6816 -6384 -5940
-5544 -5076 -4620 -4320
-3864 -3432 -3000 -2580
-2148 -1716 -1284 -828
-468 0 468 816
1272 1716 2148 2568
2988 3420 3852 4308
4608 5064 5532 5928
6372 6804 7224 7644
8052 8472 8904 9336
9576 10008 10464 10896
11328 11736 12144 12540
12924 13320 13728 14136
14304 14712 15132 15600
15996 16380 16752 17112
17472 17832 18204 18588
18672 19056 19440 19920
20268 20616 20952 21276
21588 21912 22248 22584
22596 22920 23256 23736
24048 24336 24624 24912
25176 25452 25728 26016
25956 26220 26508 26988
27228 27468 27708 27936
28152 28368 28584 28812
28680 28884 29100 29556
29748 29916 30096 30276
30420 30576 30744 30900
30696 30828 30984 31404
31524 31632 31752 31860
31944 32040 32136 32232
31956 32016 32100 32484
32532 32568 32616 32664
32688 32712 32736 32760
32424 32412 32424 32760
32736 32712 32688 32664
32616 32568 32532 32484
32100 32016 31956 32232
32136 32040 31944 31860
31752 31632 31524 31404
30984 30828 30696 30900
30744 30576 30420 30276
30096 29916 29748 29556
29100 28884 28680 28812
28584 28368 28152 27936
27708 27468 27228 26988
26508 26220 25956 26016
25728 25452 25176 24912
24624 24336 24048 23736
23256 22920 22596 22584
22248 21912 21588 21276
20952 20616 20268 19920
19440 19056 18672 18588
18204 17832 17472 17112
16752 16380 15996 15600
15132 14712 14304 14136
13728 13320 12924 12540
12144 11736 11328 10896
10464 10008 9576 9336
8904 8472 8052 7644
7224 6804 6372 5928
5532 5064 4608 4308
3852 3420 2988 2568
2148 1716 1272 816
468 0 -468 -828
-1284 -1716 -2148 -2580
-3000 -3432 -3864 -4320
-4620 -5076 -5544 -5940
-6384 -6816 -7236 -7656
-8064 -8484 -8916 -9348
-9588 -10020 -10476 -10908
-11340 -11748 -12144 -12552
-12936 -13332 -13740 -14148
-14316 -14724 -15144 -15612
-16008 -16380 -16764 -17124
-17484 -17844 -18216 -18600
-18684 -19056 -19440 -19932
-20280 -20628 -20952 -21288
-21600 -21924 -22260 -22596
-22608 -22932 -23268 -23748
-24060 -24348 -24636 -24924
-25188 -25464 -25740 -26028
-25968 -26232 -26520 -27000
-27240 -27480 -27720 -27948
-28152 -28380 -28596 -28824
-28692 -28896 -29112 -29568
-29760 -29928 -30108 -30288
-30432 -30588 -30756 -30912
-30708 -30840 -30996 -31416
-31536 -31644 -31764 -31872
-31956 -32052 -32148 -32244
-31968 -32028 -32112 -32496
-32544 -32580 -32628 -32676
-32700 -32724 -32748 32764
-32436 -32424 -32436 32764
-32748 -32724 -32700 -32676
-32628 -32580 -32544 -32496
-32112 -32028 -31968 -32244
-32148 -32052 -31956 -31872
-31764 -31644 -31536 -31416
-30996 -30840 -30708 -30912
-30756 -30588 -30432 -30288
-30108 -29928 -29760 -29568
-29112 -28896 -28692 -28824
-28596 -28380 -28152 -27948
-27720 -27480 -27240 -27000
-26520 -26232 -25968 -26028
-25740 -25464 -25188 -24924
-24636 -24348 -24060 -23748
-23268 -22932 -22608 -22596
-22260 -21924 -21600 -21288
-20952 -20628 -20280 -19932
-19440 -19056 -18684 -18600
-18216 -17844 -17484 -17124
-16764 -16380 -16008 -15612
-15144 -14724 -14316 -14148
-13740 -13332 -12936 -12552
-12144 -11748 -11340 -10908
-10476 -10020 -9588 -9348
-8916 -8484 -8064 -7656
-7236 -6816 -6384 -5940
-5544 -5076 -4620 -4320
-3864 -3432 -3000 -2580
-2148 -1716 -1284 -828
-468 0 468 816
1272 1716 2148 2568
2988 3420 3852 4308
4608 5064 5532 5928
6372 6804 7224 7644
8052 8472 8904 9336
9576 10008 10464 10896
11328 11736 12144 12540
12924 13320 13728 14136
14304 14712 15132 15600
15996 16380 16752 17112
17472 17832 18204 18588
18672 19056 19440 19920
20268 20616 20952 21276
21588 21912 22248 22584
22596 22920 23256 23736
24048 24336 24624 24912
25176 25452 25728 26016
25956 26220 26508 26988
27228 27468 27708 27936
28152 28368 28584 28812
28680 28884 29100 29556
29748 29916 30096 30276
30420 30576 30744 30900
30696 30828 30984 31404
31524 31632 31752 31860
31944 32040 32136 32232
31956 32016 32100 32484
32532 32568 32616 32664
32688 32712 32736 32760
32424 32412 32424 32760
32736 32712 32688 32664
32616 32568 32532 32484
32100 32016 31956 32232
32136 32040 31944 31860
31752 31632 31524 31404
30984 30828 30696 30900
30744 30576 30420 30276
30096 29916 29748 29556
29100 28884 28680 28812
28584 28368 28152 27936
27708 27468 27228 26988
26508 26220 25956 26016
25728 25452 25176 24912
24624 24336 24048 23736
23256 22920 22596 22584
22248 21912 21588 21276
20952 20616 20268 19920
19440 19056 18672 18588
18204 17832 17472 17112
16752 16380 15996 15600
15132 14712 14304 14136
13728 13320 12924 12540
12144 11736 11328 10896
10464 10008 9576 9336
8904 8472 8052 7644
7224 6804 6372 5928
5532 5064 4608 4308
3852 3420 2988 2568
2148 1716 1272 816
468 0 -468 -828
-1284 -1716 -2148 -2580
-3000 -3432 -3864 -4320
-4620 -5076 -5544 -5940
-6384 -6816 -7236 -7656
-8064 -8484 -8916 -9348
-9588 -10020 -10476 -10908
-11340 -11748 -12144 -12552
-12936 -13332 -13740 -14148
-14316 -14724 -15144 -15612
-16008 -16380 -16764 -17124
-17484 -17844 -18216 -18600
-18684 -19056 -19440 -19932
-20280 -20628 -20952 -21288
-21600 -21924 -22260 -22596
-22608 -22932 -23268 -23748
-24060 -24348 -24636 -24924
-25188 -25464 -25740 -26028
-25968 -26232 -26520 -27000
-27240 -27480 -27720 -27948
-28152 -28380 -28596 -28824
-28692 -28896 -29112 -29568
-29760 -29928 -30108 -30288
-30432 -30588 -30756 -30912
-30708 -30840 -30996 -31416
-31536 -31644 -31764 -31872
-31956 -32052 -32148 -32244
-31968 -32028 -32112 -32496
-32544 -32580 -32628 -32676
-32700 -32724 -32748 32764
-32436 -32424 -32436 32764
-32748 -32724 -32700 -32676
-32628 -32580 -32544 -32496
-32112 -32028 -31968 -32244
-32148 -32052 -31956 -31872
-31764 -31644 -31536 -31416
-30996 -30840 -30708 -30912
-30756 -30588 -30432 -30288
-30108 -29928 -29760 -29568
-29112 -28896 -28692 -28824
-28596 -28380 -28152 -27948
-27720 -27480 -27240 -27000
-26520 -26232 -25968 -26028
-25740 -25464 -25188 -24924
-24636 -24348 -24060 -23748
-23268 -22932 -22608 -22596
-22260 -21924 -21600 -21288
-20952 -20628 -20280 -19932
-19440 -19056 -18684 -18600
-18216 -17844 -17484 -17124
-16764 -16380 -16008 -15612
-15144 -14724 -14316 -14148
-13740 -13332 -12936 -12552
-12144 -11748 -11340 -10908
-10476 -10020 -9588 -9348
-8916 -8484 -8064 -7656
-7236 -6816 -6384 -5940
-5544 -5076 -4620 -4320
-3864 -3432 -3000 -2580
-2148 -1716 -1284 -828
-468 0 468 816
1272 1716 2148 2568
2988 3420 3852 4308
4608 5064 5532 5928
6372 6804 7224 7644
8052 8472 8904 9336
9576 10008 10464 10896
11328 11736 12144 12540
12924 13320 13728 14136
14304 14712 15132 15600
15996 16380 16752 17112
17472 17832 18204 18588
18672 19056 19440 19920
20268 20616 20952 21276
21588 21912 22248 22584
22596 22920 23256 23736
24048 24336 24624 24912
25176 25452 25728 26016
25956 26220 26508 26988
27228 27468 27708 27936
28152 28368 28584 28812
28680 28884 29100 29556
29748 29916 30096 30276
30420 30576 30744 30900
30696 30828 30984 31404
31524 31632 31752 31860
31944 32040 32136 32232
31956 32016 32100 32484
32532 32568 32616 32664
32688 32712 32736 32760
32424 32412 32424 32760
32736 32712 32688 32664
32616 32568 32532 32484
32100 32016 31956 32232
32136 32040 31944 31860
31752 31632 31524 31404
30984 30828 30696 30900
30744 30576 30420 30276
30096 29916 29748 29556
29100 28884 28680 28812
28584 28368 28152 27936
27708 27468 27228 26988
26508 26220 25956 26016
25728 25452 25176 24912
24624 24336 24048 23736
23256 22920 22596 22584
22248 21912 21588 21276
20952 20616 20268 19920
19440 19056 18672 18588
18204 17832 17472 17112
16752 16380 15996 15600
15132 14712 14304 14136
13728 13320 12924 12540
12144 11736 11328 10896
10464 10008 9576 9336
8904 8472 8052 7644
7224 6804 6372 5928
5532 5064 4608 4308
3852 3420 2988 2568
2148 1716 1272 816
468 0 -468 -828
-1284 -1716 -2148 -2580
-3000 -3432 -3864 -4320
-4620 -5076 -5544 -5940
-6384 -6816 -7236 -7656
-8064 -8484 -8916 -9348
-9588 -10020 -10476 -10908
-11340 -11748 -12144 -12552
-12936 -13332 -13740 -14148
-14316 -14724 -15144 -15612
-16008 -16380 -16764 -17124
-17484 -17844 -18216 -18600
-18684 -19056 -19440 -19932
-20280 -20628 -20952 -21288
-21600 -21924 -22260 -22596
-22608 -22932 -23268 -23748
-24060 -24348 -24636 -24924
-25188 -25464 -25740 -26028
-25968 -26232 -26520 -27000
-27240 -27480 -27720 -27948
-28152 -28380 -28596 -28824
-28692 -28896 -29112 -29568
-29760 -29928 -30108 -30288
-30432 -30588 -30756 -30912
-30708 -30840 -30996 -31416
-31536 -31644 -31764 -31872
-31956 -32052 -32148 -32244
-31968 -32028 -32112 -32496
-32544 -32580 -32628 -32676
-32700 -32724 -32748 32764
-32436 -32424 -32436 32764
-32748 -32724 -32700 -32676
-32628 -32580 -32544 -32496
-32112 -32028 -31968 -32244
-32148 -32052 -31956 -31872
-31764 -31644 -31536 -31416
-30996 -30840 -30708 -30912
-30756 -30588 -30432 -30288
-30108 -29928 -29760 -29568
-29112 -28896 -28692 -28824
-28596 -28380 -28152 -27948
-27720 -27480 -27240 -27000
-26520 -26232 -25968 -26028
-25740 -25464 -25188 -24924
-24636 -24348 -24060 -23748
-23268 -22932 -22608 -22596
-22260 -21924 -21600 -21288
-20952 -20628 -20280 -19932
-19440 -19056 -18684 -18600
-18216 -17844 -17484 -17124
-16764 -16380 -16008 -15612
-15144 -14724 -14316 -14148
-13740 -13332 -12936 -12552
-12144 -11748 -11340 -10908
-10476 -10020 -9588 -9348
-8916 -8484 -8064 -7656
-7236 -6816 -6384 -5940
-5544 -5076 -4620 -4320
-3864 -3432 -3000 -2580
-2148 -1716 -1284 -828
-468 0 468 816
1272 1716 2148 2568
2988 3420 3852 4308
4608 5064 5532 5928
6372 6804 7224 7644
8052 8472 8904 9336
9576 10008 10464 10896
11328 11736 12144 12540
12924 13320 13728 14136
14304 14712 15132 15600
15996 16380 16752 17112
17472 17832 18204 18588
18672 19056 19440 19920
20268 20616 20952 21276
21588 21912 22248 22584
22596 22920 23256 23736
24048 24336 24624 24912
25176 25452 25728 26016
25956 26220 26508 26988
27228 27468 27708 27936
28152 28368 28584 28812
28680 28884 29100 29556
29748 29916 30096 30276
30420 30576 30744 30900
30696 30828 30984 31404
31524 31632 31752 31860
31944 32040 32136 32232
31956 32016 32100 32484
32532 32568 32616 32664
32688 32712 32736 32760
32424 32412 32424 32760
32736 32712 32688 32664
32616 32568 32532 32484
32100 32016 31956 32232
32136 32040 31944 31860
31752 31632 31524 31404
30984 30828 30696 30900
30744 30576 30420 30276
30096 29916 29748 29556
29100 28884 28680 28812
28584 28368 28152 27936
27708 27468 27228 26988
26508 26220 25956 26016
25728 25452 25176 24912
24624 24336 24048 23736
23256 22920 22596 22584
22248 21912 21588 21276
20952 20616 20268 19920
19440 19056 18672 18588
18204 17832 17472 17112
16752 16380 15996 15600
15132 14712 14304 14136
13728 13320 12924 12540
12144 11736 11328 10896
10464 10008 9576 9336
8904 8472 8052 7644
7224 6804 6372 5928
5532 5064 4608 4308
3852 3420 2988 2568
2148 1716 1272 816
468 0 -468 -828
-1284 -1716 -2148 -2580
-3000 -3432 -3864 -4320
-4620 -5076 -5544 -5940
-6384 -6816 -7236 -7656
-8064 -8484 -8916 -9348
-9588 -10020 -10476 -10908
-11340 -11748 -12144 -12552
-12936 -13332 -13740 -14148
-14316 -14724 -15144 -15612
-16008 -16380 -16764 -17124
-17484 -17844 -18216 -18600
-18684 -19056 -19440 -19932
-20280 -20628 -20952 -21288
-21600 -21924 -22260 -22596
-22608 -22932 -23268 -23748
-24060 -24348 -24636 -24924
-25188 -25464 -25740 -26028
-25968 -26232 -26520 -27000
-27240 -27480 -27720 -27948
-28152 -28380 -28596 -28824
-28692 -28896 -29112 -29568
-29760 -29928 -30108 -30288
-30432 -30588 -30756 -30912
-30708 -30840 -30996 -31416
-31536 -31644 -31764 -31872
-31956 -32052 -32148 -32244
-31968 -32028 -32112 -32496
-32544 -32580 -32628 -32676
-32700 -32724 -32748 32764
-32436 -32424 -32436 32764
-32748 -32724 -32700 -32676
-32628 -32580 -32544 -32496
-32112 -32028 -31968 -32244
-32148 -32052 -31956 -31872
-31764 -31644 -31536 -31416
-30996 -30840 -30708 -30912
-30756 -30588 -30432 -30288
-30108 -29928 -29760 -29568
-29112 -28896 -28692 -28824
-28596 -28380 -28152 -27948
-27720 -27480 -27240 -27000
-26520 -26232 -25968 -26028
-25740 -25464 -25188 -24924
-24636 -24348 -24060 -23748
-23268 -22932 -22608 -22596
-22260 -21924 -21600 -21288
-20952 -20628 -20280 -19932
-19440 -19056 -18684 -18600
-18216 -17844 -17484 -17124
-16764 -16380 -16008 -15612
-15144 -14724 -14316 -14148
-13740 -13332 -12936 -12552
-12144 -11748 -11340 -10908
-10476 -10020 -9588 -9348
-8916 -8484 -8064 -7656
-7236 -6816 -6384 -5940
-5544 -5076 -4620 -4320
-3864 -3432 -3000 -2580
-2148 -1716 -1284 -828
-468 0 468 816
1272 1716 2148 2568
2988 3420 3852 4308
4608 5064 5532 5928
6372 6804 7224 7644
8052 8472 8904 9336
9576 10008 10464 10896
11328 11736 12144 12540
12924 13320 13728 14136
14304 14712 15132 15600
15996 16380 16752 17112
17472 17832 18204 18588
18672 19056 19440 19920
20268 20616 20952 21276
21588 21912 22248 22584
22596 22920 23256 23736
24048 24336 24624 24912
25176 25452 25728 26016
25956 26220 26508 26988
27228 27468 27708 27936
28152 28368 28584 28812
28680 28884 29100 29556
29748 29916 30096 30276
30420 30576 30744 30900
30696 30828 30984 31404
31524 31632 31752 31860
31944 32040 32136 32232
31956 32016 32100 32484
32532 32568 32616 32664
32688 32712 32736 32760
32424 32412 32424 32760
32736 32712 32688 32664
32616 32568 32532 32484
32100 32016 31956 32232
32136 32040 31944 31860
31752 31632 31524 31404
30984 30828 30696 30900
30744 30576 30420 30276
30096 29916 29748 29556
29100 28884 28680 28812
28584 28368 28152 27936
27708 27468 27228 26988
26508 26220 25956 26016
25728 25452 25176 24912
24624 24336 24048 23736
23256 22920 22596 22584
22248 21912 21588 21276
20952 20616 20268 19920
19440 19056 18672 18588
18204 17832 17472 17112
16752 16380 15996 15600
15132 14712 14304 14136
13728 13320 12924 12540
12144 11736 11328 10896
10464 10008 9576 9336
8904 8472 8052 7644
7224 6804 6372 5928
5532 5064 4608 4308
3852 3420 2988 2568
2148 1716 1272 816
468 0 -468 -828
-1284 -1716 -2148 -2580
-3000 -3432 -3864 -4320
-4620 -5076 -5544 -5940
-6384 -6816 -7236 -7656
-8064 -8484 -8916 -9348
-9588 -10020 -10476 -10908
-11340 -11748 -12144 -12552
-12936 -13332 -13740 -14148
-14316 -14724 -15144 -15612
-16008 -16380 -16764 -17124
-17484 -17844 -18216 -18600
-18684 -19056 -19440 -19932
-20280 -20628 -20952 -21288
-21600 -21924 -22260 -22596
-22608 -22932 -23268 -23748
-24060 -24348 -24636 -24924
-25188 -25464 -25740 -26028
-25968 -26232 -26520 -27000
-27240 -27480 -27720 -27948
-28152 -28380 -28596 -28824
-28692 -28896 -29112 -29568
-29760 -29928 -30108 -30288
-30432 -30588 -30756 -30912
-30708 -30840 -30996 -31416
-31536 -31644 -31764 -31872
-31956 -32052 -32148 -32244
-31968 -32028 -32112 -32496
-32544 -32580 -32628 -32676
-32700 -32724 -32748 32764
-32436 -32424 -32436 32764
-32748 -32724 -32700 -32676
-32628 -32580 -32544 -32496
-32112 -32028 -31968 -32244
-32148 -32052 -31956 -31872
-31764 -31644 -31536 -31416
-30996 -30840 -30708 -30912
-30756 -30588 -30432 -30288
-30108 -29928 -29760 -29568
-29112 -28896 -28692 -28824
-28596 -28380 -28152 -27948
-27720 -27480 -27240 -27000
-26520 -26232 -25968 -26028
-25740 -25464 -25188 -24924
-24636 -24348 -24060 -23748
-23268 -22932 -22608 -22596
-22260 -21924 -21600 -21288
-20952 -20628 -20280 -19932
-19440 -19056 -18684 -18600
-18216 -17844 -17484 -17124
-16764 -16380 -16008 -15612
-15144 -14724 -14316 -14148
-13740 -13332 -12936 -12552
-12144 -11748 -11340 -10908
-10476 -10020 -9588 -9348
-8916 -8484 -8064 -7656
-7236 -6816 -6384 -5940
-5544 -5076 -4620 -4320
-3864 -3432 -3000 -2580
-2148 -1716 -1284 -828
-468 0 468 816
1272 1716 2148 2568
2988 3420 3852 4308
4608 5064 5532 5928
6372 6804 7224 7644
8052 8472 8904 9336
9576 10008 10464 10896
11328 11736 12144 12540
12924 13320 13728 14136
14304 14712 15132 15600
15996 16380 16752 17112
17472 17832 18204 18588
18672 19056 19440 19920
20268 20616 20952 21276
21588 21912 22248 22584
22596 22920 23256 23736
24048 24336 24624 24912
25176 25452 25728 26016
25956 26220 26508 26988
27228 27468 27708 27936
28152 28368 28584 28812
28680 28884 29100 29556
29748 29916 30096 30276
30420 30576 30744 30900
30696 30828 30984 31404
31524 31632 31752 31860
31944 32040 32136 32232
31956 32016 32100 32484
32532 32568 32616 32664
32688 32712 32736 32760
32424 32412 32424 32760
32736 32712 32688 32664
32616 32568 32532 32484
32100 32016 31956 32232
32136 32040 31944 31860
31752 31632 31524 31404
30984 30828 30696 30900
30744 30576 30420 30276
30096 29916 29748 29556
29100 28884 28680 28812
28584 28368 28152 27936
27708 27468 27228 26988
26508 26220 25956 26016
25728 25452 25176 24912
24624 24336 24048 23736
23256 22920 22596 22584
22248 21912 21588 21276
20952 20616 20268 19920
19440 19056 18672 18588
18204 17832 17472 17112
16752 16380 15996 15600
15132 14712 14304 14136
13728 13320 12924 12540
12144 11736 11328 10896
10464 10008 9576 9336
8904 8472 8052 7644
7224 6804 6372 5928
5532 5064 4608 4308
3852 3420 2988 2568
2148 1716 1272 816
468 0 -468 -828
-1284 -1716 -2148 -2580
-3000 -3432 -3864 -4320
-4620 -5076 -5544 -5940
-6384 -6816 -7236 -7656
-8064 -8484 -8916 -9348
-9588 -10020 -10476 -10908
-11340 -11748 -12144 -12552
-12936 -13332 -13740 -14148
-14316 -14724 -15144 -15612
-16008 -16380 -16764 -17124
-17484 -17844 -18216 -18600
-18684 -19056 -19440 -19932
-20280 -20628 -20952 -21288
-21600 -21924 -22260 -22596
-22608 -22932 -23268 -23748
-24060 -24348 -24636 -24924
-25188 -25464 -25740 -26028
-25968 -26232 -26520 -27000
-27240 -27480 -27720 -27948
-28152 -28380 -28596 -28824
-28692 -28896 -29112 -29568
-29760 -29928 -30108 -30288
-30432 -30588 -30756 -30912
-30708 -30840 -30996 -31416
-31536 -31644 -31764 -31872
-31956 -32052 -32148 -32244
-31968 -32028 -32112 -32496
-32544 -32580 -32628 -32676
-32700 -32724 -32748 32764
-32436 -32424 -32436 32764
-32748 -32724 -32700 -32676
-32628 -32580 -32544 -32496
-32112 -32028 -31968 -32244
-32148 -32052 -31956 -31872
-31764 -31644 -31536 -31416
-30996 -30840 -30708 -30912
-30756 -30588 -30432 -30288
-30108 -29928 -29760 -29568
-29112 -28896 -28692 -28824
-28596 -28380 -28152 -27948
-27720 -27480 -27240 -27000
-26520 -26232 -25968 -26028
-25740 -25464 -25188 -24924
-24636 -24348 -24060 -23748
-23268 -22932 -22608 -22596
-22260 -21924 -21600 -21288
-20952 -20628 -20280 -19932
-19440 -19056 -18684 -18600
-18216 -17844 -17484 -17124
-16764 -16380 -16008 -15612
-15144 -14724 -14316 -14148
-13740 -13332 -12936 -12552
-12144 -11748 -11340 -10908
-10476 -10020 -9588 -9348
-8916 -8484 -8064 -7656
-7236 -6816 -6384 -5940
-5544 -5076 -4620 -4320
-3864 -3432 -3000 -2580
-2148 -1716 -1284 -828
-468 0 468 816
1272 1716 2148 2568
2988 3420 3852 4308
4608 5064 5532 5928
6372 6804 7224 7644
8052 8472 8904 9336
9576 10008 10464 10896
11328 11736 12144 12540
12924 13320 13728 14136
14304 14712 15132 15600
15996 16380 16752 17112
17472 17832 18204 18588
18672 19056 19440 19920
20268 20616 20952 21276
21588 21912 22248 22584
22596 22920 23256 23736
24048 24336 24624 24912
25176 25452 25728 26016
25956 26220 26508 26988
27228 27468 27708 27936
28152 28368 28584 28812
28680 28884 29100 29556
29748 29916 30096 30276
30420 30576 30744 30900
30696 30828 30984 31404
31524 31632 31752 31860
31944 32040 32136 32232
31956 32016 32100 32484
32532 32568 32616 32664
32688 32712 32736 32760
32424 32412 32424 32760
32736 32712 32688 32664
32616 32568 32532 32484
32100 32016 31956 32232
32136 32040 31944 31860
31752 31632 31524 31404
30984 30828 30696 30900
30744 30576 30420 30276
30096 29916 29748 29556
29100 28884 28680 28812
28584 28368 28152 27936
27708 27468 27228 26988
26508 26220 25956 26016
25728 25452 25176 24912
24624 24336 24048 23736
23256 22920 22596 22584
22248 21912 21588 21276
20952 20616 20268 19920
19440 19056 18672 18588
18204 17832 17472 17112
16752 16380 15996 15600
15132 14712 14304 14136
13728 13320 12924 12540
12144 11736 11328 10896
10464 10008 9576 9336
8904 8472 8052 7644
7224 6804 6372 5928
5532 5064 4608 4308
3852 3420 2988 2568
2148 1716 1272 816
468 0 -468 -828
-1284 -1716 -2148 -2580
-3000 -3432 -3864 -4320
-4620 -5076 -5544 -5940
-6384 -6816 -7236 -7656
-8064 -8484 -8916 -9348
-9588 -10020 -10476 -10908
-11340 -11748 -12144 -12552
-12936 -13332 -13740 -14148
-14316 -14724 -15144 -15612
-16008 -16380 -16764 -17124
-17484 -17844 -18216 -18600
-18684 -19056 -19440 -19932
-20280 -20628 -20952 -21288
-21600 -21924 -22260 -22596
-22608 -22932 -23268 -23748
-24060 -24348 -24636 -24924
-25188 -25464 -25740 -26028
-25968 -26232 -26520 -27000
-27240 -27480 -27720 -27948
-28152 -28380 -28596 -28824
-28692 -28896 -29112 -29568
-29760 -29928 -30108 -30288
-30432 -30588 -30756 -30912
-30708 -30840 -30996 -31416
-31536 -31644 -31764 -31872
-31956 -32052 -32148 -32244
-31968 -32028 -32112 -32496
-32544 -32580 -32628 -32676
-32700 -32724 -32748 32764
-32436 -32424 -32436 32764
-32748 -32724 -32700 -32676
-32628 -32580 -32544 -32496
-32112 -32028 -31968 -32244
-32148 -32052 -31956 -31872
-31764 -31644 -31536 -31416
-30996 -30840 -30708 -30912
-30756 -30588 -30432 -30288
-30108 -29928 -29760 -29568
-29112 -28896 -28692 -28824
-28596 -28380 -28152 -27948
-27720 -27480 -27240 -27000
-26520 -26232 -25968 -26028
-25740 -25464 -25188 -24924
-24636 -24348 -24060 -23748
-23268 -22932 -22608 -22596
-22260 -21924 -21600 -21288
-20952 -20628 -20280 -19932
-19440 -19056 -18684 -18600
-18216 -17844 -17484 -17124
-16764 -16380 -16008 -15612
-15144 -14724 -14316 -14148
-13740 -13332 -12936 -12552
-12144 -11748 -11340 -10908
-10476 -10020 -9588 -9348
-8916 -8484 -8064 -7656
-7236 -6816 -6384 -5940
-5544 -5076 -4620 -4320
-3864 -3432 -3000 -2580
-2148 -1716 -1284 -828
-468 0 468 816
1272 1716 2148 2568
2988 3420 3852 4308
4608 5064 5532 5928
6372 6804 7224 7644
8052 8472 8904 9336
9576 10008 10464 10896
11328 11736 12144 12540
12924 13320 13728 14136
14304 14712 15132 15600
15996 16380 16752 17112
17472 17832 18204 18588
18672 19056 19440 19920
20268 20616 20952 21276
21588 21912 22248 22584
22596 22920 23256 23736
24048 24336 24624 24912
25176 25452 25728 26016
25956 26220 26508 26988
27228 27468 27708 27936
28152 28368 28584 28812
28680 28884 29100 29556
29748 29916 30096 30276
30420 30576 30744 30900
30696 30828 30984 31404
31524 31632 31752 31860
31944 32040 32136 32232
31956 32016 32100 32484
32532 32568 32616 32664
32688 32712 32736 32760
32424 32412 32424 32760
32736 32712 32688 32664
32616 32568 32532 32484
32100 32016 31956 32232
32136 32040 31944 31860
31752 31632 31524 31404
30984 30828 30696 30900
30744 30576 30420 30276
30096 29916 29748 29556
29100 28884 28680 28812
28584 28368 28152 27936
27708 27468 27228 26988
26508 26220 25956 26016
25728 25452 25176 24912
24624 24336 24048 23736
23256 22920 22596 22584
22248 21912 21588 21276
20952 20616 20268 19920
19440 19056 18672 18588
18204 17832 17472 17112
16752 16380 15996 15600
15132 14712 14304 14136
13728 13320 12924 12540
12144 11736 11328 10896
10464 10008 9576 9336
8904 8472 8052 7644
7224 6804 6372 5928
5532 5064 4608 4308
3852 3420 2988 2568
2148 1716 1272 816
468 0 -468 -828
-1284 -1716 -2148 -2580
-3000 -3432 -3864 -4320
-4620 -5076 -5544 -5940
-6384 -6816 -7236 -7656
-8064 -8484 -8916 -9348
-9588 -10020 -10476 -10908
-11340 -11748 -12144 -12552
-12936 -13332 -13740 -14148
-14316 -14724 -15144 -15612
-16008 -16380 -16764 -17124
-17484 -17844 -18216 -18600
-18684 -19056 -19440 -19932
-20280 -20628 -20952 -21288
-21600 -21924 -22260 -22596
-22608 -22932 -23268 -23748
-24060 -24348 -24636 -24924
-25188 -25464 -25740 -26028
-25968 -26232 -26520 -27000
-27240 -27480 -27720 -27948
-28152 -28380 -28596 -28824
-28692 -28896 -29112 -29568
-29760 -29928 -30108 -30288
-30432 -30588 -30756 -30912
-30708 -30840 -30996 -31416
-31536 -31644 -31764 -31872
-31956 -32052 -32148 -32244
-31968 -32028 -32112 -32496
-32544 -32580 -32628 -32676
-32700 -32724 -32748 32764
-32436 -32424 -32436 32764
-32748 -32724 -32700 -32676
-32628 -32580 -32544 -32496
-32112 -32028 -31968 -32244
-32148 -32052 -31956 -31872
-31764 -31644 -31536 -31416
-30996 -30840 -30708 -30912
-30756 -30588 -30432 -30288
-30108 -29928 -29760 -29568
-29112 -28896 -28692 -28824
-28596 -28380 -28152 -27948
-27720 -27480 -27240 -27000
-26520 -26232 -25968 -26028
-25740 -25464 -25188 -24924
-24636 -24348 -24060 -23748
-23268 -22932 -22608 -22596
-22260 -21924 -21600 -21288
-20952 -20628 -20280 -19932
-19440 -19056 -18684 -18600
-18216 -17844 -17484 -17124
-16764 -16380 -16008 -15612
-15144 -14724 -14316 -14148
-13740 -13332 -12936 -12552
-12144 -11748 -11340 -10908
-10476 -10020 -9588 -9348
-8916 -8484 -8064 -7656
-7236 -6816 -6384 -5940
-5544 -5076 -4620 -4320
-3864 -3432 -3000 -2580
-2148 -1716 -1284 -828
-468 0 468 816
1272 1716 2148 2568
2988 3420 3852 4308
4608 5064 5532 5928
6372 6804 7224 7644
8052 8472 8904 9336
9576 10008 10464 10896
11328 11736 12144 12540
12924 13320 13728 14136
14304 14712 15132 15600
15996 16380 16752 17112
17472 17832 18204 18588
18672 19056 19440 19920
20268 20616 20952 21276
21588 21912 22248 22584
22596 22920 23256 23736
24048 24336 24624 24912
25176 25452 25728 26016
25956 26220 26508 26988
27228 27468 27708 27936
28152 28368 28584 28812
28680 28884 29100 29556
29748 29916 30096 30276
30420 30576 30744 30900
30696 30828 30984 31404
31524 31632 31752 31860
31944 32040 32136 32232
31956 32016 32100 32484
32532 32568 32616 32664
32688 32712 32736 32760
32424 32412 32424 32760
32736 32712 32688 32664
32616 32568 32532 32484
32100 32016 31956 32232
32136 32040 31944 31860
31752 31632 31524 31404
30984 30828 30696 30900
30744 30576 30420 30276
30096 29916 29748 29556
29100 28884 28680 28812
28584 28368 28152 27936
27708 27468 27228 26988
26508 26220 25956 26016
25728 25452 25176 24912
24624 24336 24048 23736
23256 22920 22596 22584
22248 21912 21588 21276
20952 20616 20268 19920
19440 19056 18672 18588
18204 17832 17472 17112
16752 16380 15996 15600
15132 14712 14304 14136
13728 13320 12924 12540
12144 11736 11328 10896
10464 10008 9576 9336
8904 8472 8052 7644
7224 6804 6372 5928
5532 5064 4608 4308
3852 3420 2988 2568
2148 1716 1272 816
468 0 -468 -828
-1284 -1716 -2148 -2580
-3000 -3432 -3864 -4320
-4620 -5076 -5544 -5940
-6384 -6816 -7236 -7656
-8064 -8484 -8916 -9348
-9588 -10020 -10476 -10908
-11340 -11748 -12144 -12552
-12936 -13332 -13740 -14148
-14316 -14724 -15144 -15612
-16008 -16380 -16764 -17124
-17484 -17844 -18216 -18600
-18684 -19056 -19440 -19932
-20280 -20628 -20952 -21288
-21600 -21924 -22260 -22596
-22608 -22932 -23268 -23748
-24060 -24348 -24636 -24924
-25188 -25464 -25740 -26028
-25968 -26232 -26520 -27000
-27240 -27480 -27720 -27948
-28152 -28380 -28596 -28824
-28692 -28896 -29112 -29568
-29760 -29928 -30108 -30288
-30432 -30588 -30756 -30912
-30708 -30840 -30996 -31416
-31536 -31644 -31764 -31872
-31956 -32052 -32148 -32244
-31968 -32028 -32112 -32496
-32544 -32580 -32628 -32676
-32700 -32724 -32748 32764
-32436 -32424 -32436 32764
-32748 -32724 -32700 -32676
-32628 -32580 -32544 -32496
-32112 -32028 -31968 -32244
-32148 -32052 -31956 -31872
-31764 -31644 -31536 -31416
-30996 -30840 -30708 -30912
-30756 -30588 -30432 -30288
-30108 -29928 -29760 -29568
-29112 -28896 -28692 -28824
-28596 -28380 -28152 -27948
-27720 -27480 -27240 -27000
-26520 -26232 -25968 -26028
-25740 -25464 -25188 -24924
-24636 -24348 -24060 -23748
-23268 -22932 -22608 -22596
-22260 -21924 -21600 -21288
-20952 -20628 -20280 -19932
-19440 -19056 -18684 -18600
-18216 -17844 -17484 -17124
-16764 -16380 -16008 -15612
-15144 -14724 -14316 -14148
-13740 -13332 -12936 -12552
-12144 -11748 -11340 -10908
-10476 -10020 -9588 -9348
-8916 -8484 -8064 -7656
-7236 -6816 -6384 -5940
-5544 -5076 -4620 -4320
-3864 -3432 -3000 -2580
-2148 -1716 -1284 -828
-468 0 468 816
1272 1716 2148 2568
2988 3420 3852 4308
4608 5064 5532 5928
6372 6804 7224 7644
8052 8472 8904 9336
9576 10008 10464 10896
11328 11736 12144 12540
12924 13320 13728 14136
14304 14712 15132 15600
15996 16380 16752 17112
17472 17832 18204 18588
18672 19056 19440 19920
20268 20616 20952 21276
21588 21912 22248 22584
22596 22920 23256 23736
24048 24336 24624 24912
25176 25452 25728 26016
25956 26220 26508 26988
27228 27468 27708 27936
28152 28368 28584 28812
28680 28884 29100 29556
29748 29916 30096 30276
30420 30576 30744 30900
30696 30828 30984 31404
31524 31632 31752 31860
31944 32040 32136 32232
31956 32016 32100 32484
32532 32568 32616 32664
32688 32712 32736 32760
32424 32412 32424 32760
32736 32712 32688 32664
32616 32568 32532 32484
32100 32016 31956 32232
32136 32040 31944 31860
31752 31632 31524 31404
30984 30828 30696 30900
30744 30576 30420 30276
30096 29916 29748 29556
29100 28884 28680 28812
28584 28368 28152 27936
27708 27468 27228 26988
26508 26220 25956 26016
25728 25452 25176 24912
24624 24336 24048 23736
23256 22920 22596 22584
22248 21912 21588 21276
20952 20616 20268 19920
19440 19056 18672 18588
18204 17832 17472 17112
16752 16380 15996 15600
15132 14712 14304 14136
13728 13320 12924 12540
12144 11736 11328 10896
10464 10008 9576 9336
8904 8472 8052 7644
7224 6804 6372 5928
5532 5064 4608 4308
3852 3420 2988 2568
2148 1716 1272 816
468 0 -468 -828
-1284 -1716 -2148 -2580
-3000 -3432 -3864 -4320
-4620 -5076 -5544 -5940
-6384 -6816 -7236 -7656
-8064 -8484 -8916 -9348
-9588 -10020 -10476 -10908
-11340 -11748 -12144 -12552
-12936 -13332 -13740 -14148
-14316 -14724 -15144 -15612
-16008 -16380 -16764 -17124
-17484 -17844 -18216 -18600
-18684 -19056 -19440 -19932
-20280 -20628 -20952 -21288
-21600 -21924 -22260 -22596
-22608 -22932 -23268 -23748
-24060 -24348 -24636 -24924
-25188 -25464 -25740 -26028
-25968 -26232 -26520 -27000
-27240 -27480 -27720 -27948
-28152 -28380 -28596 -28824
-28692 -28896 -29112 -29568
-29760 -29928 -30108 -30288
-30432 -30588 -30756 -30912
-30708 -30840 -30996 -31416
-31536 -31644 -31764 -31872
-31956 -32052 -32148 -32244
-31968 -32028 -32112 -32496
-32544 -32580 -32628 -32676
-32700 -32724 -32748 32764
-32436 -32424 -32436 32764
-32748 -32724 -32700 -32676
-32628 -32580 -32544 -32496
-32112 -32028 -31968 -32244
-32148 -32052 -31956 -31872
-31764 -31644 -31536 -31416
-30996 -30840 -30708 -30912
-30756 -30588 -30432 -30288
-30108 -29928 -29760 -29568
-29112 -28896 -28692 -28824
-28596 -28380 -28152 -27948
-27720 -27480 -27240 -27000
-26520 -26232 -25968 -26028
-25740 -25464 -25188 -24924
-24636 -24348 -24060 -23748
-23268 -22932 -22608 -22596
-22260 -21924 -21600 -21288
-20952 -20628 -20280 -19932
-19440 -19056 -18684 -18600
-18216 -17844 -17484 -17124
-16764 -16380 -16008 -15612
-15144 -14724 -14316 -14148
-13740 -13332 -12936 -12552
-12144 -11748 -11340 -10908
-10476 -10020 -9588 -9348
-8916 -8484 -8064 -7656
-7236 -6816 -6384 -5940
-5544 -5076 -4620 -4320
-3864 -3432 -3000 -2580
-2148 -1716 -1284 -828
-468 0 468 816
1272 1716 2148 2568
2988 3420 3852 4308
4608 5064 5532 5928
6372 6804 7224 7644
8052 8472 8904 9336
9576 10008 10464 10896
11328 11736 12144 12540
12924 13320 13728 14136
14304 14712 15132 15600
15996 16380 16752 17112
17472 17832 18204 18588
18672 19056 19440 19920
20268 20616 20952 21276
21588 21912 22248 22584
22596 22920 23256 23736
24048 24336 24624 24912
25176 25452 25728 26016
25956 26220 26508 26988
27228 27468 27708 27936
28152 28368 28584 28812
28680 28884 29100 29556
29748 29916 30096 30276
30420 30576 30744 30900
30696 30828 30984 31404
31524 31632 31752 31860
31944 32040 32136 32232
31956 32016 32100 32484
32532 32568 32616 32664
32688 32712 32736 32760
32424 32412 32424 32760
32736 32712 32688 32664
32616 32568 32532 32484
32100 32016 31956 32232
32136 32040 31944 31860
31752 31632 31524 31404
30984 30828 30696 30900
30744 30576 30420 30276
30096 29916 29748 29556
29100 28884 28680 28812
28584 28368 28152 27936
27708 27468 27228 26988
26508 26220 25956 26016
25728 25452 25176 24912
24624 24336 24048 23736
23256 22920 22596 22584
22248 21912 21588 21276
20952 20616 20268 19920
19440 19056 18672 18588
18204 17832 17472 17112
16752 16380 15996 15600
15132 14712 14304 14136
13728 13320 12924 12540
12144 11736 11328 10896
10464 10008 9576 9336
8904 8472 8052 7644
7224 6804 6372 5928
5532 5064 4608 4308
3852 3420 2988 2568
2148 1716 1272 816
468 0 -468 -828
-1284 -1716 -2148 -2580
-3000 -3432 -3864 -4320
-4620 -5076 -5544 -5940
-6384 -6816 -7236 -7656
-8064 -8484 -8916 -9348
-9588 -10020 -10476 -10908
-11340 -11748 -12144 -12552
-12936 -13332 -13740 -14148
-14316 -14724 -15144 -15612
-16008 -16380 -16764 -17124
-17484 -17844 -18216 -18600
-18684 -19056 -19440 -19932
-20280 -20628 -20952 -21288
-21600 -21924 -22260 -22596
-22608 -22932 -23268 -23748
-24060 -24348 -24636 -24924
-25188 -25464 -25740 -26028
-25968 -26232 -26520 -27000
-27240 -27480 -27720 -27948
-28152 -28380 -28596 -28824
-28692 -28896 -29112 -29568
-29760 -29928 -30108 -30288
-30432 -30588 -30756 -30912
-30708 -30840 -30996 -31416
-31536 -31644 -31764 -31872
-31956 -32052 -32148 -32244
-31968 -32028 -32112 -32496
-32544 -32580 -32628 -32676
-32700 -32724 -32748 32764
-32436 -32424 -32436 32764
-32748 -32724 -32700 -32676
-32628 -32580 -32544 -32496
-32112 -32028 -31968 -32244
-32148 -32052 -31956 -31872
-31764 -31644 -31536 -31416
-30996 -30840 -30708 -30912
-30756 -30588 -30432 -30288
-30108 -29928 -29760 -29568
-29112 -28896 -28692 -28824
-28596 -28380 -28152 -27948
-27720 -27480 -27240 -27000
-26520 -26232 -25968 -26028
-25740 -25464 -25188 -24924
-24636 -24348 -24060 -23748
-23268 -22932 -22608 -22596
-22260 -21924 -21600 -21288
-20952 -20628 -20280 -19932
-19440 -19056 -18684 -18600
-18216 -17844 -17484 -17124
-16764 -16380 -16008 -15612
-15144 -14724 -14316 -14148
-13740 -13332 -12936 -12552
-12144 -11748 -11340 -10908
-10476 -10020 -9588 -9348
-8916 -8484 -8064 -7656
-7236 -6816 -6384 -5940
-5544 -5076 -4620 -4320
-3864 -3432 -3000 -2580
-2148 -1716 -1284 -828
-468 0 468 816
1272 1716 2148 2568
2988 3420 3852 4308
4608 5064 5532 5928
6372 6804 7224 7644
8052 8472 8904 9336
9576 10008 10464 10896
11328 11736 12144 12540
12924 13320 13728 14136
14304 14712 15132 15600
15996 16380 16752 17112
17472 17832 18204 18588
18672 19056 19440 19920
20268 20616 20952 21276
21588 21912 22248 22584
22596 22920 23256 23736
24048 24336 24624 24912
25176 25452 25728 26016
25956 26220 26508 26988
27228 27468 27708 27936
28152 28368 28584 28812
28680 28884 29100 29556
29748 29916 30096 30276
30420 30576 30744 30900
30696 30828 30984 31404
31524 31632 31752 31860
31944 32040 32136 32232
31956 32016 32100 32484
32532 32568 32616 32664
32688 32712 32736 32760
32424 32412 32424 32760
32736 32712 32688 32664
32616 32568 32532 32484
32100 32016 31956 32232
32136 32040 31944 31860
31752 31632 31524 31404
30984 30828 30696 30900
30744 30576 30420 30276
30096 29916 29748 29556
29100 28884 28680 28812
28584 28368 28152 27936
27708 27468 27228 26988
26508 26220 25956 26016
25728 25452 25176 24912
24624 24336 24048 23736
23256 22920 22596 22584
22248 21912 21588 21276
20952 20616 20268 19920
19440 19056 18672 18588
18204 17832 17472 17112
16752 16380 15996 15600
15132 14712 14304 14136
13728 13320 12924 12540
12144 11736 11328 10896
10464 10008 9576 9336
8904 8472 8052 7644
7224 6804 6372 5928
5532 5064 4608 4308
3852 3420 2988 2568
2148 1716 1272 816
468 0 -468 -828
-1284 -1716 -2148 -2580
-3000 -3432 -3864 -4320
-4620 -5076 -5544 -5940
-6384 -6816 -7236 -7656
-8064 -8484 -8916 -9348
-9588 -10020 -10476 -10908
-11340 -11748 -12144 -12552
-12936 -13332 -13740 -14148
-14316 -14724 -15144 -15612
-16008 -16380 -16764 -17124
-17484 -17844 -18216 -18600
-18684 -19056 -19440 -19932
-20280 -20628 -20952 -21288
-21600 -21924 -22260 -22596
-22608 -22932 -23268 -23748
-24060 -24348 -24636 -24924
-25188 -25464 -25740 -26028
-25968 -26232 -26520 -27000
-27240 -27480 -27720 -27948
-28152 -28380 -28596 -28824
-28692 -28896 -29112 -29568
-29760 -29928 -30108 -30288
-30432 -30588 -30756 -30912
-30708 -30840 -30996 -31416
-31536 -31644 -31764 -31872
-31956 -32052 -32148 -32244
-31968 -32028 -32112 -32496
-32544 -32580 -32628 -32676
-32700 -32724 -32748 32764
-32436 -32424 -32436 32764
-32748 -32724 -32700 -32676
-32628 -32580 -32544 -32496
-32112 -32028 -31968 -32244
-32148 -32052 -31956 -31872
-31764 -31644 -31536 -31416
-30996 -30840 -30708 -30912
-30756 -30588 -30432 -30288
-30108 -29928 -29760 -29568
-29112 -28896 -28692 -28824
-28596 -28380 -28152 -27948
-27720 -27480 -27240 -27000
-26520 -26232 -25968 -26028
-25740 -25464 -25188 -24924
-24636 -24348 -24060 -23748
-23268 -22932 -22608 -22596
-22260 -21924 -21600 -21288
-20952 -20628 -20280 -19932
-19440 -19056 -18684 -18600
-18216 -17844 -17484 -17124
-16764 -16380 -16008 -15612
-15144 -14724 -14316 -14148
-13740 -13332 -12936 -12552
-12144 -11748 -11340 -10908
-10476 -10020 -9588 -9348
-8916 -8484 -8064 -7656
-7236 -6816 -6384 -5940
-5544 -5076 -4620 -4320
-3864 -3432 -3000 -2580
-2148 -1716 -1284 -828
-468 0 468 816
1272 1716 2148 2568
2988 3420 3852 4308
4608 5064 5532 5928
6372 6804 7224 7644
8052 8472 8904 9336
9576 10008 10464 10896
11328 11736 12144 12540
12924 13320 13728 14136
14304 14712 15132 15600
15996 16380 16752 17112
17472 17832 18204 18588
18672 19056 19440 19920
20268 20616 20952 21276
21588 21912 22248 22584
22596 22920 23256 23736
24048 24336 24624 24912
25176 25452 25728 26016
25956 26220 26508 26988
27228 27468 27708 27936
28152 28368 28584 28812
28680 28884 29100 29556
29748 29916 30096 30276
30420 30576 30744 30900
30696 30828 30984 31404
31524 31632 31752 31860
31944 32040 32136 32232
31956 32016 32100 32484
32532 32568 32616 32664
32688 32712 32736 32760
32424 32412 32424 32760
32736 32712 32688 32664
32616 32568 32532 32484
32100 32016 31956 32232
32136 32040 31944 31860
31752 31632 31524 31404
30984 30828 30696 30900
30744 30576 30420 30276
30096 29916 29748 29556
29100 28884 28680 28812
28584 28368 28152 27936
27708 27468 27228 26988
26508 26220 25956 26016
25728 25452 25176 24912
24624 24336 24048 23736
23256 22920 22596 22584
22248 21912 21588 21276
20952 20616 20268 19920
19440 19056 18672 18588
18204 17832 17472 17112
16752 16380 15996 15600
15132 14712 14304 14136
13728 13320 12924 12540
12144 11736 11328 10896
10464 10008 9576 9336
8904 8472 8052 7644
7224 6804 6372 5928
5532 5064 4608 4308
3852 3420 2988 2568
2148 1716 1272 816
468 0 -468 -828
-1284 -1716 -2148 -2580
-3000 -3432 -3864 -4320
-4620 -5076 -5544 -5940
-6384 -6816 -7236 -7656
-8064 -8484 -8916 -9348
-9588 -10020 -10476 -10908
-11340 -11748 -12144 -12552
-12936 -13332 -13740 -14148
-14316 -14724 -15144 -15612
-16008 -16380 -16764 -17124
-17484 -17844 -18216 -18600
-18684 -19056 -19440 -19932
-20280 -20628 -20952 -21288
-21600 -21924 -22260 -22596
-22608 -22932 -23268 -23748
-24060 -24348 -24636 -24924
-25188 -25464 -25740 -26028
-25968 -26232 -26520 -27000
-27240 -27480 -27720 -27948
-28152 -28380 -28596 -28824
-28692 -28896 -29112 -29568
-29760 -29928 -30108 -30288
-30432 -30588 -30756 -30912
-30708 -30840 -30996 -31416
-31536 -31644 -31764 -31872
-31956 -32052 -32148 -32244
-31968 -32028 -32112 -32496
-32544 -32580 -32628 -32676
-32700 -32724 -32748 32764
-32436 -32424 -32436 32764
-32748 -32724 -32700 -32676
-32628 -32580 -32544 -32496
-32112 -32028 -31968 -32244
-32148 -32052 -31956 -31872
-31764 -31644 -31536 -31416
-30996 -30840 -30708 -30912
-30756 -30588 -30432 -30288
-30108 -29928 -29760 -29568
-29112 -28896 -28692 -28824
-28596 -28380 -28152 -27948
-27720 -27480 -27240 -27000
-26520 -26232 -25968 -26028
-25740 -25464 -25188 -24924
-24636 -24348 -24060 -23748
-23268 -22932 -22608 -22596
-22260 -21924 -21600 -21288
-20952 -20628 -20280 -19932
-19440 -19056 -18684 -18600
-18216 -17844 -17484 -17124
-16764 -16380 -16008 -15612
-15144 -14724 -14316 -14148
-13740 -13332 -12936 -12552
-12144 -11748 -11340 -10908
-10476 -10020 -9588 -9348
-8916 -8484 -8064 -7656
-7236 -6816 -6384 -5940
-5544 -5076 -4620 -4320
-3864 -3432 -3000 -2580
-2148 -1716 -1284 -828
-468 0 468 816
1272 1716 2148 2568
2988 3420 3852 4308
4608 5064 5532 5928
6372 6804 7224 7644
8052 8472 8904 9336
9576 10008 10464 10896
11328 11736 12144 12540
12924 13320 13728 14136
14304 14712 15132 15600
15996 16380 16752 17112
17472 17832 18204 18588
18672 19056 19440 19920
20268 20616 20952 21276
21588 21912 22248 22584
22596 22920 23256 23736
24048 24336 24624 24912
25176 25452 25728 26016
25956 26220 26508 26988
27228 27468 27708 27936
28152 28368 28584 28812
28680 28884 29100 29556
29748 29916 30096 30276
30420 30576 30744 30900
30696 30828 30984 31404
31524 31632 31752 31860
31944 32040 32136 32232
31956 32016 32100 32484
32532 32568 32616 32664
32688 32712 32736 32760
32424 32412 32424 32760
32736 32712 32688 32664
32616 32568 32532 32484
32100 32016 31956 32232
32136 32040 31944 31860
31752 31632 31524 31404
30984 30828 30696 30900
30744 30576 30420 30276
30096 29916 29748 29556
29100 28884 28680 28812
28584 28368 28152 27936
27708 27468 27228 26988
26508 26220 25956 26016
25728 25452 25176 24912
24624 24336 24048 23736
23256 22920 22596 22584
22248 21912 21588 21276
20952 20616 20268 19920
19440 19056 18672 18588
18204 17832 17472 17112
16752 16380 15996 15600
15132 14712 14304 14136
13728 13320 12924 12540
12144 11736 11328 10896
10464 10008 9576 9336
8904 8472 8052 7644
7224 6804 6372 5928
5532 5064 4608 4308
3852 3420 2988 2568
2148 1716 1272 816
468 0 -468 -828
-1284 -1716 -2148 -2580
-3000 -3432 -3864 -4320
-4620 -5076 -5544 -5940
-6384 -6816 -7236 -7656
-8064 -8484 -8916 -9348
-9588 -10020 -10476 -10908
-11340 -11748 -12144 -12552
-12936 -13332 -13740 -14148
-14316 -14724 -15144 -15612
-16008 -16380 -16764 -17124
-17484 -17844 -18216 -18600
-18684 -19056 -19440 -19932
-20280 -20628 -20952 -21288
-21600 -21924 -22260 -22596
-22608 -22932 -23268 -23748
-24060 -24348 -24636 -24924
-25188 -25464 -25740 -26028
-25968 -26232 -26520 -27000
-27240 -27480 -27720 -27948
-28152 -28380 -28596 -28824
-28692 -28896 -29112 -29568
-29760 -29928 -30108 -30288
-30432 -30588 -30756 -30912
-30708 -30840 -30996 -31416
-31536 -31644 -31764 -31872
-31956 -32052 -32148 -32244
-31968 -32028 -32112 -32496
-32544 -32580 -32628 -32676
-32700 -32724 -32748 32764
-32436 -32424 -32436 32764
-32748 -32724 -32700 -32676
-32628 -32580 -32544 -32496
-32112 -32028 -31968 -32244
-32148 -32052 -31956 -31872
-31764 -31644 -31536 -31416
-30996 -30840 -30708 -30912
-30756 -30588 -30432 -30288
-30108 -29928 -29760 -29568
-29112 -28896 -28692 -28824
-28596 -28380 -28152 -27948
-27720 -27480 -27240 -27000
-26520 -26232 -25968 -26028
-25740 -25464 -25188 -24924
-24636 -24348 -24060 -23748
-23268 -22932 -22608 -22596
-22260 -21924 -21600 -21288
-20952 -20628 -20280 -19932
-19440 -19056 -18684 -18600
-18216 -17844 -17484 -17124
-16764 -16380 -16008 -15612
-15144 -14724 -14316 -14148
-13740 -13332 -12936 -12552
-12144 -11748 -11340 -10908
-10476 -10020 -9588 -9348
-8916 -8484 -8064 -7656
-7236 -6816 -6384 -5940
-5544 -5076 -4620 -4320
-3864 -3432 -3000 -2580
-2148 -1716 -1284 -828
-468 0 468 816
1272 1716 2148 2568
2988 3420 3852 4308
4608 5064 5532 5928
6372 6804 7224 7644
8052 8472 8904 9336
9576 10008 10464 10896
11328 11736 12144 12540
12924 13320 13728 14136
14304 14712 15132 15600
15996 16380 16752 17112
17472 17832 18204 18588
18672 19056 19440 19920
20268 20616 20952 21276
21588 21912 22248 22584
22596 22920 23256 23736
24048 24336 24624 24912
25176 25452 25728 26016
25956 26220 26508 26988
27228 27468 27708 27936
28152 28368 28584 28812
28680 28884 29100 29556
29748 29916 30096 30276
30420 30576 30744 30900
30696 30828 30984 31404
31524 31632 31752 31860
31944 32040 32136 32232
31956 32016 32100 32484
32532 32568 32616 32664
32688 32712 32736 32760
32424 32412 32424 32760
32736 32712 32688 32664
32616 32568 32532 32484
32100 32016 31956 32232
32136 32040 31944 31860
31752 31632 31524 31404
30984 30828 30696 30900
30744 30576 30420 30276
30096 29916 29748 29556
29100 28884 28680 28812
28584 28368 28152 27936
27708 27468 27228 26988
26508 26220 25956 26016
25728 25452 25176 24912
24624 24336 24048 23736
23256 22920 22596 22584
22248 21912 21588 21276
20952 20616 20268 19920
19440 19056 18672 18588
18204 17832 17472 17112
16752 16380 15996 15600
15132 14712 14304 14136
13728 13320 12924 12540
12144 11736 11328 10896
10464 10008 9576 9336
8904 8472 8052 7644
7224 6804 6372 5928
5532 5064 4608 4308
3852 3420 2988 2568
2148 1716 1272 816
468 0 -468 -828
-1284 -1716 -2148 -2580
-3000 -3432 -3864 -4320
-4620 -5076 -5544 -5940
-6384 -6816 -7236 -7656
-8064 -8484 -8916 -9348
-9588 -10020 -10476 -10908
-11340 -11748 -12144 -12552
-12936 -13332 -13740 -14148
-14316 -14724 -15144 -15612
-16008 -16380 -16764 -17124
-17484 -17844 -18216 -18600
-18684 -19056 -19440 -19932
-20280 -20628 -20952 -21288
-21600 -21924 -22260 -22596
-22608 -22932 -23268 -23748
-24060 -24348 -24636 -24924
-25188 -25464 -25740 -26028
-25968 -26232 -26520 -27000
-27240 -27480 -27720 -27948
-28152 -28380 -28596 -28824
-28692 -28896 -29112 -29568
-29760 -29928 -30108 -30288
-30432 -30588 -30756 -30912
-30708 -30840 -30996 -31416
-31536 -31644 -31764 -31872
-31956 -32052 -32148 -32244
-31968 -32028 -32112 -32496
-32544 -32580 -32628 -32676
-32700 -32724 -32748 32764
-32436 -32424 -32436 32764
-32748 -32724 -32700 -32676
-32628 -32580 -32544 -32496
-32112 -32028 -31968 -32244
-32148 -32052 -31956 -31872
-31764 -31644 -31536 -31416
-30996 -30840 -30708 -30912
-30756 -30588 -30432 -30288
-30108 -29928 -29760 -29568
-29112 -28896 -28692 -28824
-28596 -28380 -28152 -27948
-27720 -27480 -27240 -27000
-26520 -26232 -25968 -26028
-25740 -25464 -25188 -24924
-24636 -24348 -24060 -23748
-23268 -22932 -22608 -22596
-22260 -21924 -21600 -21288
-20952 -20628 -20280 -19932
-19440 -19056 -18684 -18600
-18216 -17844 -17484 -17124
-16764 -16380 -16008 -15612
-15144 -14724 -14316 -14148
-13740 -13332 -12936 -12552
-12144 -11748 -11340 -10908
-10476 -10020 -9588 -9348
-8916 -8484 -8064 -7656
-7236 -6816 -6384 -5940
-5544 -5076 -4620 -4320
-3864 -3432 -3000 -2580
-2148 -1716 -1284 -828
-468 0 468 816
1272 1716 2148 2568
2988 3420 3852 4308
4608 5064 5532 5928
6372 6804 7224 7644
8052 8472 8904 9336
9576 10008 10464 10896
11328 11736 12144 12540
12924 13320 13728 14136
14304 14712 15132 15600
15996 16380 16752 17112
17472 17832 18204 18588
18672 19056 19440 19920
20268 20616 20952 21276
21588 21912 22248 22584
22596 22920 23256 23736
24048 24336 24624 24912
25176 25452 25728 26016
25956 26220 26508 26988
27228 27468 27708 27936
28152 28368 28584 28812
28680 28884 29100 29556
29748 29916 30096 30276
30420 30576 30744 30900
30696 30828 30984 31404
31524 31632 31752 31860
31944 32040 32136 32232
31956 32016 32100 32484
32532 32568 32616 32664
32688 32712 32736 32760
32424 32412 32424 32760
32736 32712 32688 32664
32616 32568 32532 32484
32100 32016 31956 32232
32136 32040 31944 31860
31752 31632 31524 31404
30984 30828 30696 30900
30744 30576 30420 30276
30096 29916 29748 29556
29100 28884 28680 28812
28584 28368 28152 27936
27708 27468 27228 26988
26508 26220 25956 26016
25728 25452 25176 24912
24624 24336 24048 23736
23256 22920 22596 22584
22248 21912 21588 21276
20952 20616 20268 19920
19440 19056 18672 18588
18204 17832 17472 17112
16752 16380 15996 15600
15132 14712 14304 14136
13728 13320 12924 12540
12144 11736 11328 10896
10464 10008 9576 9336
8904 8472 8052 7644
7224 6804 6372 5928
5532 5064 4608 4308
3852 3420 2988 2568
2148 1716 1272 816
468 0 -468 -828
-1284 -1716 -2148 -2580
-3000 -3432 -3864 -4320
-4620 -5076 -5544 -5940
-6384 -6816 -7236 -7656
-8064 -8484 -8916 -9348
-9588 -10020 -10476 -10908
-11340 -11748 -12144 -12552
-12936 -13332 -13740 -14148
-14316 -14724 -15144 -15612
-16008 -16380 -16764 -17124
-17484 -17844 -18216 -18600
-18684 -19056 -19440 -19932
-20280 -20628 -20952 -21288
-21600 -21924 -22260 -22596
-22608 -22932 -23268 -23748
-24060 -24348 -24636 -24924
-25188 -25464 -25740 -26028
-25968 -26232 -26520 -27000
-27240 -27480 -27720 -27948
-28152 -28380 -28596 -28824
-28692 -28896 -29112 -29568
-29760 -29928 -30108 -30288
-30432 -30588 -30756 -30912
-30708 -30840 -30996 -31416
-31536 -31644 -31764 -31872
-31956 -32052 -32148 -32244
-31968 -32028 -32112 -32496
-32544 -32580 -32628 -32676
-32700 -32724 -32748 32764
-32436 -32424 -32436 32764
-32748 -32724 -32700 -32676
-32628 -32580 -32544 -32496
-32112 -32028 -31968 -32244
-32148 -32052 -31956 -31872
-31764 -31644 -31536 -31416
-30996 -30840 -30708 -30912
-30756 -30588 -30432 -30288
-30108 -29928 -29760 -29568
-29112 -28896 -28692 -28824
-28596 -28380 -28152 -27948
-27720 -27480 -27240 -27000
-26520 -26232 -25968 -26028
-25740 -25464 -25188 -24924
-24636 -24348 -24060 -23748
-23268 -22932 -22608 -22596
-22260 -21924 -21600 -21288
-20952 -20628 -20280 -19932
-19440 -19056 -18684 -18600
-18216 -17844 -17484 -17124
-16764 -16380 -16008 -15612
-15144 -14724 -14316 -14148
-13740 -13332 -12936 -12552
-12144 -11748 -11340 -10908
-10476 -10020 -9588 -9348
-8916 -8484 -8064 -7656
-7236 -6816 -6384 -5940
-5544 -5076 -4620 -4320
-3864 -3432 -3000 -2580
-2148 -1716 -1284 -828
-468 0 468 816
1272 1716 2148 2568
2988 3420 3852 4308
4608 5064 5532 5928
6372 6804 7224 7644
8052 8472 8904 9336
9576 10008 10464 10896
11328 11736 12144 12540
12924 13320 13728 14136
14304 14712 15132 15600
15996 16380 16752 17112
17472 17832 18204 18588
18672 19056 19440 19920
20268 20616 20952 21276
21588 21912 22248 22584
22596 22920 23256 23736
24048 24336 24624 24912
25176 25452 25728 26016
25956 26220 26508 26988
27228 27468 27708 27936
28152 28368 28584 28812
28680 28884 29100 29556
29748 29916 30096 30276
30420 30576 30744 30900
30696 30828 30984 31404
31524 31632 31752 31860
31944 32040 32136 32232
31956 32016 32100 32484
32532 32568 32616 32664
32688 32712 32736 32760
32424 32412 32424 32760
32736 32712 32688 32664
32616 32568 32532 32484
32100 32016 31956 32232
32136 32040 31944 31860
31752 31632 31524 31404
30984 30828 30696 30900
30744 30576 30420 30276
30096 29916 29748 29556
29100 28884 28680 28812
28584 28368 28152 27936
27708 27468 27228 26988
26508 26220 25956 26016
25728 25452 25176 24912
24624 24336 24048 23736
23256 22920 22596 22584
22248 21912 21588 21276
20952 20616 20268 19920
19440 19056 18672 18588
18204 17832 17472 17112
16752 16380 15996 15600
15132 14712 14304 14136
13728 13320 12924 12540
12144 11736 11328 10896
10464 10008 9576 9336
8904 8472 8052 7644
7224 6804 6372 5928
5532 5064 4608 4308
3852 3420 2988 2568
2148 1716 1272 816
468 0 -468 -828
-1284 -1716 -2148 -2580
-3000 -3432 -3864 -4320
-4620 -5076 -5544 -5940
-6384 -6816 -7236 -7656
-8064 -8484 -8916 -9348
-9588 -10020 -10476 -10908
-11340 -11748 -12144 -12552
-12936 -13332 -13740 -14148
-14316 -14724 -15144 -15612
-16008 -16380 -16764 -17124
-17484 -17844 -18216 -18600
-18684 -19056 -19440 -19932
-20280 -20628 -20952 -21288
-21600 -21924 -22260 -22596
-22608 -22932 -23268 -23748
-24060 -24348 -24636 -24924
-25188 -25464 -25740 -26028
-25968 -26232 -26520 -27000
-27240 -27480 -27720 -27948
-28152 -28380 -28596 -28824
-28692 -28896 -29112 -29568
-29760 -29928 -30108 -30288
-30432 -30588 -30756 -30912
-30708 -30840 -30996 -31416
-31536 -31644 -31764 -31872
-31956 -32052 -32148 -32244
-31968 -32028 -32112 -32496
-32544 -32580 -32628 -32676
-32700 -32724 -32748 32764
-32436 -32424 -32436 32764
-32748 -32724 -32700 -32676
-32628 -32580 -32544 -32496
-32112 -32028 -31968 -32244
-32148 -32052 -31956 -31872
-31764 -31644 -31536 -31416
-30996 -30840 -30708 -30912
-30756 -30588 -30432 -30288
-30108 -29928 -29760 -29568
-29112 -28896 -28692 -28824
-28596 -28380 -28152 -27948
-27720 -27480 -27240 -27000
-26520 -26232 -25968 -26028
-25740 -25464 -25188 -24924
-24636 -24348 -24060 -23748
-23268 -22932 -22608 -22596
-22260 -21924 -21600 -21288
-20952 -20628 -20280 -19932
-19440 -19056 -18684 -18600
-18216 -17844 -17484 -17124
-16764 -16380 -16008 -15612
-15144 -14724 -14316 -14148
-13740 -13332 -12936 -12552
-12144 -11748 -11340 -10908
-10476 -10020 -9588 -9348
-8916 -8484 -8064 -7656
-7236 -6816 -6384 -5940
-5544 -5076 -4620 -4320
-3864 -3432 -3000 -2580
-2148 -1716 -1284 -828
-468 0 468 816
1272 1716 2148 2568
2988 3420 3852 4308
4608 5064 5532 5928
6372 6804 7224 7644
8052 8472 8904 9336
9576 10008 10464 10896
11328 11736 12144 12540
12924 13320 13728 14136
14304 14712 15132 15600
15996 16380 16752 17112
17472 17832 18204 18588
18672 19056 19440 19920
20268 20616 20952 21276
21588 21912 22248 22584
22596 22920 23256 23736
24048 24336 24624 24912
25176 25452 25728 26016
25956 26220 26508 26988
27228 27468 27708 27936
28152 28368 28584 28812
28680 28884 29100 29556
29748 29916 30096 30276
30420 30576 30744 30900
30696 30828 30984 31404
31524 31632 31752 31860
31944 32040 32136 32232
31956 32016 32100 32484
32532 32568 32616 32664
32688 32712 32736 32760
32424 32412 32424 32760
32736 32712 32688 32664
32616 32568 32532 32484
32100 32016 31956 32232
32136 32040 31944 31860
31752 31632 31524 31404
30984 30828 30696 30900
30744 30576 30420 30276
30096 29916 29748 29556
29100 28884 28680 28812
28584 28368 28152 27936
27708 27468 27228 26988
26508 26220 25956 26016
25728 25452 25176 24912
24624 24336 24048 23736
23256 22920 22596 22584
22248 21912 21588 21276
20952 20616 20268 19920
19440 19056 18672 18588
18204 17832 17472 17112
16752 16380 15996 15600
15132 14712 14304 14136
13728 13320 12924 12540
12144 11736 11328 10896
10464 10008 9576 9336
8904 8472 8052 7644
7224 6804 6372 5928
5532 5064 4608 4308
3852 3420 2988 2568
2148 1716 1272 816
468 0 -468 -828
-1284 -1716 -2148 -2580
-3000 -3432 -3864 -4320
-4620 -5076 -5544 -5940
-6384 -6816 -7236 -7656
-8064 -8484 -8916 -9348
-9588 -10020 -10476 -10908
-11340 -11748 -12144 -12552
-12936 -13332 -13740 -14148
-14316 -14724 -15144 -15612
-16008 -16380 -16764 -17124
-17484 -17844 -18216 -18600
-18684 -19056 -19440 -19932
-20280 -20628 -20952 -21288
-21600 -21924 -22260 -22596
-22608 -22932 -23268 -23748
-24060 -24348 -24636 -24924
-25188 -25464 -25740 -26028
-25968 -26232 -26520 -27000
-27240 -27480 -27720 -27948
-28152 -28380 -28596 -28824
-28692 -28896 -29112 -29568
-29760 -29928 -30108 -30288
-30432 -30588 -30756 -30912
-30708 -30840 -30996 -31416
-31536 -31644 -31764 -31872
-31956 -32052 -32148 -32244
-31968 -32028 -32112 -32496
-32544 -32580 -32628 -32676
-32700 -32724 -32748 32764
-32436 -32424 -32436 32764
-32748 -32724 -32700 -32676
-32628 -32580 -32544 -32496
-32112 -32028 -31968 -32244
-32148 -32052 -31956 -31872
-31764 -31644 -31536 -31416
-30996 -30840 -30708 -30912
-30756 -30588 -30432 -30288
-30108 -29928 -29760 -29568
-29112 -28896 -28692 -28824
-28596 -28380 -28152 -27948
-27720 -27480 -27240 -27000
-26520 -26232 -25968 -26028
-25740 -25464 -25188 -24924
-24636 -24348 -24060 -23748
-23268 -22932 -22608 -22596
-22260 -21924 -21600 -21288
-20952 -20628 -20280 -19932
-19440 -19056 -18684 -18600
-18216 -17844 -17484 -17124
-16764 -16380 -16008 -15612
-15144 -14724 -14316 -14148
-13740 -13332 -12936 -12552
-12144 -11748 -11340 -10908
-10476 -10020 -9588 -9348
-8916 -8484 -8064 -7656
-7236 -6816 -6384 -5940
-5544 -5076 -4620 -4320
-3864 -3432 -3000 -2580
-2148 -1716 -1284 -828
-468 0 468 816
1272 1716 2148 2568
2988 3420 3852 4308
4608 5064 5532 5928
6372 6804 7224 7644
8052 8472 8904 9336
9576 10008 10464 10896
11328 11736 12144 12540
12924 13320 13728 14136
14304 14712 15132 15600
15996 16380 16752 17112
17472 17832 18204 18588
18672 19056 19440 19920
20268 20616 20952 21276
21588 21912 22248 22584
22596 22920 23256 23736
24048 24336 24624 24912
25176 25452 25728 26016
25956 26220 26508 26988
27228 27468 27708 27936
28152 28368 28584 28812
28680 28884 29100 29556
29748 29916 30096 30276
30420 30576 30744 30900
30696 30828 30984 31404
31524 31632 31752 31860
31944 32040 32136 32232
31956 32016 32100 32484
32532 32568 32616 32664
32688 32712 32736 32760
32424 32412 32424 32760
32736 32712 32688 32664
32616 32568 32532 32484
32100 32016 31956 32232
32136 32040 31944 31860
31752 31632 31524 31404
30984 30828 30696 30900
30744 30576 30420 30276
30096 29916 29748 29556
29100 28884 28680 28812
28584 28368 28152 27936
27708 27468 27228 26988
26508 26220 25956 26016
25728 25452 25176 24912
24624 24336 24048 23736
23256 22920 22596 22584
22248 21912 21588 21276
20952 20616 20268 19920
19440 19056 18672 18588
18204 17832 17472 17112
16752 16380 15996 15600
15132 14712 14304 14136
13728 13320 12924 12540
12144 11736 11328 10896
10464 10008 9576 9336
8904 8472 8052 7644
7224 6804 6372 5928
5532 5064 4608 4308
3852 3420 2988 2568
2148 1716 1272 816
468 0 -468 -828
-1284 -1716 -2148 -2580
-3000 -3432 -3864 -4320
-4620 -5076 -5544 -5940
-6384 -6816 -7236 -7656
-8064 -8484 -8916 -9348
-9588 -10020 -10476 -10908
-11340 -11748 -12144 -12552
-12936 -13332 -13740 -14148
-14316 -14724 -15144 -15612
-16008 -16380 -16764 -17124
-17484 -17844 -18216 -18600
-18684 -19056 -19440 -19932
-20280 -20628 -20952 -21288
-21600 -21924 -22260 -22596
-22608 -22932 -23268 -23748
-24060 -24348 -24636 -24924
-25188 -25464 -25740 -26028
-25968 -26232 -26520 -27000
-27240 -27480 -27720 -27948
-28152 -28380 -28596 -28824
-28692 -28896 -29112 -29568
-29760 -29928 -30108 -30288
-30432 -30588 -30756 -30912
-30708 -30840 -30996 -31416
-31536 -31644 -31764 -31872
-31956 -32052 -32148 -32244
-31968 -32028 -32112 -32496
-32544 -32580 -32628 -32676
-32700 -32724 -32748 32764
-32436 -32424 -32436 32764
-32748 -32724 -32700 -32676
-32628 -32580 -32544 -32496
-32112 -32028 -31968 -32244
-32148 -32052 -31956 -31872
-31764 -31644 -31536 -31416
-30996 -30840 -30708 -30912
-30756 -30588 -30432 -30288
-30108 -29928 -29760 -29568
-29112 -28896 -28692 -28824
-28596 -28380 -28152 -27948
-27720 -27480 -27240 -27000
-26520 -26232 -25968 -26028
-25740 -25464 -25188 -24924
-24636 -24348 -24060 -23748
-23268 -22932 -22608 -22596
-22260 -21924 -21600 -21288
-20952 -20628 -20280 -19932
-19440 -19056 -18684 -18600
-18216 -17844 -17484 -17124
-16764 -16380 -16008 -15612
-15144 -14724 -14316 -14148
-13740 -13332 -12936 -12552
-12144 -11748 -11340 -10908
-10476 -10020 -9588 -9348
-8916 -8484 -8064 -7656
-7236 -6816 -6384 -5940
-5544 -5076 -4620 -4320
-3864 -3432 -3000 -2580
-2148 -1716 -1284 -828
-468 0 468 816
1272 1716 2148 2568
2988 3420 3852 4308
4608 5064 5532 5928
6372 6804 7224 7644
8052 8472 8904 9336
9576 10008 10464 10896
11328 11736 12144 12540
12924 13320 13728 14136
14304 14712 15132 15600
15996 16380 16752 17112
17472 17832 18204 18588
18672 19056 19440 19920
20268 20616 20952 21276
21588 21912 22248 22584
22596 22920 23256 23736
24048 24336 24624 24912
25176 25452 25728 26016
25956 26220 26508 26988
27228 27468 27708 27936
28152 28368 28584 28812
28680 28884 29100 29556
29748 29916 30096 30276
30420 30576 30744 30900
30696 30828 30984 31404
31524 31632 31752 31860
31944 32040 32136 32232
31956 32016 32100 32484
32532 32568 32616 32664
32688 32712 32736 32760
32424 32412 32424 32760
32736 32712 32688 32664
32616 32568 32532 32484
32100 32016 31956 32232
32136 32040 31944 31860
31752 31632 31524 31404
30984 30828 30696 30900
30744 30576 30420 30276
30096 29916 29748 29556
29100 28884 28680 28812
28584 28368 28152 27936
27708 27468 27228 26988
26508 26220 25956 26016
25728 25452 25176 24912
24624 24336 24048 23736
23256 22920 22596 22584
22248 21912 21588 21276
20952 20616 20268 19920
19440 19056 18672 18588
18204 17832 17472 17112
16752 16380 15996 15600
15132 14712 14304 14136
13728 13320 12924 12540
12144 11736 11328 10896
10464 10008 9576 9336
8904 8472 8052 7644
7224 6804 6372 5928
5532 5064 4608 4308
3852 3420 2988 2568
2148 1716 1272 816
468 0 -468 -828
-1284 -1716 -2148 -2580
-3000 -3432 -3864 -4320
-4620 -5076 -5544 -5940
-6384 -6816 -7236 -7656
-8064 -8484 -8916 -9348
-9588 -10020 -10476 -10908
-11340 -11748 -12144 -12552
-12936 -13332 -13740 -14148
-14316 -14724 -15144 -15612
-16008 -16380 -16764 -17124
-17484 -17844 -18216 -18600
-18684 -19056 -19440 -19932
-20280 -20628 -20952 -21288
-21600 -21924 -22260 -22596
-22608 -22932 -23268 -23748
-24060 -24348 -24636 -24924
-25188 -25464 -25740 -26028
-25968 -26232 -26520 -27000
-27240 -27480 -27720 -27948
-28152 -28380 -28596 -28824
-28692 -28896 -29112 -29568
-29760 -29928 -30108 -30288
-30432 -30588 -30756 -30912
-30708 -30840 -30996 -31416
-31536 -31644 -31764 -31872
-31956 -32052 -32148 -32244
-31968 -32028 -32112 -32496
-32544 -32580 -32628 -32676
-32700 -32724 -32748 32764
-32436 -32424 -32436 32764
-32748 -32724 -32700 -32676
-32628 -32580 -32544 -32496
-32112 -32028 -31968 -32244
-32148 -32052 -31956 -31872
-31764 -31644 -31536 -31416
-30996 -30840 -30708 -30912
-30756 -30588 -30432 -30288
-30108 -29928 -29760 -29568
-29112 -28896 -28692 -28824
-28596 -28380 -28152 -27948
-27720 -27480 -27240 -27000
-26520 -26232 -25968 -26028
-25740 -25464 -25188 -24924
-24636 -24348 -24060 -23748
-23268 -22932 -22608 -22596
-22260 -21924 -21600 -21288
-20952 -20628 -20280 -19932
-19440 -19056 -18684 -18600
-18216 -17844 -17484 -17124
-16764 -16380 -16008 -15612
-15144 -14724 -14316 -14148
-13740 -13332 -12936 -12552
-12144 -11748 -11340 -10908
-10476 -10020 -9588 -9348
-8916 -8484 -8064 -7656
-7236 -6816 -6384 -5940
-5544 -5076 -4620 -4320
-3864 -3432 -3000 -2580
-2148 -1716 -1284 -828
-468 0 468 816
1272 1716 2148 2568
2988 3420 3852 4308
4608 5064 5532 5928
6372 6804 7224 7644
8052 8472 8904 9336
9576 10008 10464 10896
11328 11736 12144 12540
12924 13320 13728 14136
14304 14712 15132 15600
15996 16380 16752 17112
17472 17832 18204 18588
18672 19056 19440 19920
20268 20616 20952 21276
21588 21912 22248 22584
22596 22920 23256 23736
24048 24336 24624 24912
25176 25452 25728 26016
25956 26220 26508 26988
27228 27468 27708 27936
28152 28368 28584 28812
28680 28884 29100 29556
29748 29916 30096 30276
30420 30576 30744 30900
30696 30828 30984 31404
31524 31632 31752 31860
31944 32040 32136 32232
31956 32016 32100 32484
32532 32568 32616 32664
32688 32712 32736 32760
32424 32412 32424 32760
32736 32712 32688 32664
32616 32568 32532 32484
32100 32016 31956 32232
32136 32040 31944 31860
31752 31632 31524 31404
30984 30828 30696 30900
30744 30576 30420 30276
30096 29916 29748 29556
29100 28884 28680 28812
28584 28368 28152 27936
27708 27468 27228 26988
26508 26220 25956 26016
25728 25452 25176 24912
24624 24336 24048 23736
23256 22920 22596 22584
22248 21912 21588 21276
20952 20616 20268 19920
19440 19056 18672 18588
18204 17832 17472 17112
16752 16380 15996 15600
15132 14712 14304 14136
13728 13320 12924 12540
12144 11736 11328 10896
10464 10008 9576 9336
8904 8472 8052 7644
7224 6804 6372 5928
5532 5064 4608 4308
3852 3420 2988 2568
2148 1716 1272 816
468 0 -468 -828
-1284 -1716 -2148 -2580
-3000 -3432 -3864 -4320
-4620 -5076 -5544 -5940
-6384 -6816 -7236 -7656
-8064 -8484 -8916 -9348
-9588 -10020 -10476 -10908
-11340 -11748 -12144 -12552
-12936 -13332 -13740 -14148
-14316 -14724 -15144 -15612
-16008 -16380 -16764 -17124
-17484 -17844 -18216 -18600
-18684 -19056 -19440 -19932
-20280 -20628 -20952 -21288
-21600 -21924 -22260 -22596
-22608 -22932 -23268 -23748
-24060 -24348 -24636 -24924
-25188 -25464 -25740 -26028
-25968 -26232 -26520 -27000
-27240 -27480 -27720 -27948
-28152 -28380 -28596 -28824
-28692 -28896 -29112 -29568
-29760 -29928 -30108 -30288
-30432 -30588 -30756 -30912
-30708 -30840 -30996 -31416
-31536 -31644 -31764 -31872
-31956 -32052 -32148 -32244
-31968 -32028 -32112 -32496
-32544 -32580 -32628 -32676
-32700 -32724 -32748 32764
-32436 -32424 -32436 32764
-32748 -32724 -32700 -32676
-32628 -32580 -32544 -32496
-32112 -32028 -31968 -32244
-32148 -32052 -31956 -31872
-31764 -31644 -31536 -31416
-30996 -30840 -30708 -30912
-30756 -30588 -30432 -30288
-30108 -29928 -29760 -29568
-29112 -28896 -28692 -28824
-28596 -28380 -28152 -27948
-27720 -27480 -27240 -27000
-26520 -26232 -25968 -26028
-25740 -25464 -25188 -24924
-24636 -24348 -24060 -23748
-23268 -22932 -22608 -22596
-22260 -21924 -21600 -21288
-20952 -20628 -20280 -19932
-19440 -19056 -18684 -18600
-18216 -17844 -17484 -17124
-16764 -16380 -16008 -15612
-15144 -14724 -14316 -14148
-13740 -13332 -12936 -12552
-12144 -11748 -11340 -10908
-10476 -10020 -9588 -9348
-8916 -8484 -8064 -7656
-7236 -6816 -6384 -5940
-5544 -5076 -4620 -4320
-3864 -3432 -3000 -2580
-2148 -1716 -1284 -828
-468 0 468 816
1272 1716 2148 2568
2988 3420 3852 4308
4608 5064 5532 5928
6372 6804 7224 7644
8052 8472 8904 9336
9576 10008 10464 10896
11328 11736 12144 12540
12924 13320 13728 14136
14304 14712 15132 15600
15996 16380 16752 17112
17472 17832 18204 18588
18672 19056 19440 19920
20268 20616 20952 21276
21588 21912 22248 22584
22596 22920 23256 23736
24048 24336 24624 24912
25176 25452 25728 26016
25956 26220 26508 26988
27228 27468 27708 27936
28152 28368 28584 28812
28680 28884 29100 29556
29748 29916 30096 30276
30420 30576 30744 30900
30696 30828 30984 31404
31524 31632 31752 31860
31944 32040 32136 32232
31956 32016 32100 32484
32532 32568 32616 32664
32688 32712 32736 32760
32424 32412 32424 32760
32736 32712 32688 32664
32616 32568 32532 32484
32100 32016 31956 32232
32136 32040 31944 31860
31752 31632 31524 31404
30984 30828 30696 30900
30744 30576 30420 30276
30096 29916 29748 29556
29100 28884 28680 28812
28584 28368 28152 27936
27708 27468 27228 26988
26508 26220 25956 26016
25728 25452 25176 24912
24624 24336 24048 23736
23256 22920 22596 22584
22248 21912 21588 21276
20952 20616 20268 19920
19440 19056 18672 18588
18204 17832 17472 17112
16752 16380 15996 15600
15132 14712 14304 14136
13728 13320 12924 12540
12144 11736 11328 10896
10464 10008 9576 9336
8904 8472 8052 7644
7224 6804 6372 5928
5532 5064 4608 4308
3852 3420 2988 2568
2148 1716 1272 816
468 0 -468 -828
-1284 -1716 -2148 -2580
-3000 -3432 -3864 -4320
-4620 -5076 -5544 -5940
-6384 -6816 -7236 -7656
-8064 -8484 -8916 -9348
-9588 -10020 -10476 -10908
-11340 -11748 -12144 -12552
-12936 -13332 -13740 -14148
-14316 -14724 -15144 -15612
-16008 -16380 -16764 -17124
-17484 -17844 -18216 -18600
-18684 -19056 -19440 -19932
-20280 -20628 -20952 -21288
-21600 -21924 -22260 -22596
-22608 -22932 -23268 -23748
-24060 -24348 -24636 -24924
-25188 -25464 -25740 -26028
-25968 -26232 -26520 -27000
-27240 -27480 -27720 -27948
-28152 -28380 -28596 -28824
-28692 -28896 -29112 -29568
-29760 -29928 -30108 -30288
-30432 -30588 -30756 -30912
-30708 -30840 -30996 -31416
-31536 -31644 -31764 -31872
-31956 -32052 -32148 -32244
-31968 -32028 -32112 -32496
-32544 -32580 -32628 -32676
-32700 -32724 -32748 32764
-32436 -32424 -32436 32764
-32748 -32724 -32700 -32676
-32628 -32580 -32544 -32496
-32112 -32028 -31968 -32244
-32148 -32052 -31956 -31872
-31764 -31644 -31536 -31416
-30996 -30840 -30708 -30912
-30756 -30588 -30432 -30288
-30108 -29928 -29760 -29568
-29112 -28896 -28692 -28824
-28596 -28380 -28152 -27948
-27720 -27480 -27240 -27000
-26520 -26232 -25968 -26028
-25740 -25464 -25188 -24924
-24636 -24348 -24060 -23748
-23268 -22932 -22608 -22596
-22260 -21924 -21600 -21288
-20952 -20628 -20280 -19932
-19440 -19056 -18684 -18600
-18216 -17844 -17484 -17124
-16764 -16380 -16008 -15612
-15144 -14724 -14316 -14148
-13740 -13332 -12936 -12552
-12144 -11748 -11340 -10908
-10476 -10020 -9588 -9348
-8916 -8484 -8064 -7656
-7236 -6816 -6384 -5940
-5544 -5076 -4620 -4320
-3864 -3432 -3000 -2580
-2148 -1716 -1284 -828
-468 0 468 816
1272 1716 2148 2568
2988 3420 3852 4308
4608 5064 5532 5928
6372 6804 7224 7644
8052 8472 8904 9336
9576 10008 10464 10896
11328 11736 12144 12540
12924 13320 13728 14136
14304 14712 15132 15600
15996 16380 16752 17112
17472 17832 18204 18588
18672 19056 19440 19920
20268 20616 20952 21276
21588 21912 22248 22584
22596 22920 23256 23736
24048 24336 24624 24912
25176 25452 25728 26016
25956 26220 26508 26988
27228 27468 27708 27936
28152 28368 28584 28812
28680 28884 29100 29556
29748 29916 30096 30276
30420 30576 30744 30900
30696 30828 30984 31404
31524 31632 31752 31860
31944 32040 32136 32232
31956 32016 32100 32484
32532 32568 32616 32664
32688 32712 32736 32760
32424 32412 32424 32760
32736 32712 32688 32664
32616 32568 32532 32484
32100 32016 31956 32232
32136 32040 31944 31860
31752 31632 31524 31404
30984 30828 30696 30900
30744 30576 30420 30276
30096 29916 29748 29556
29100 28884 28680 28812
28584 28368 28152 27936
27708 27468 27228 26988
26508 26220 25956 26016
25728 25452 25176 24912
24624 24336 24048 23736
23256 22920 22596 22584
22248 21912 21588 21276
20952 20616 20268 19920
19440 19056 18672 18588
18204 17832 17472 17112
16752 16380 15996 15600
15132 14712 14304 14136
13728 13320 12924 12540
12144 11736 11328 10896
10464 10008 9576 9336
8904 8472 8052 7644
7224 6804 6372 5928
5532 5064 4608 4308
3852 3420 2988 2568
2148 1716 1272 816
468 0 -468 -828
-1284 -1716 -2148 -2580
-3000 -3432 -3864 -4320
-4620 -5076 -5544 -5940
-6384 -6816 -7236 -7656
-8064 -8484 -8916 -9348
-9588 -10020 -10476 -10908
-11340 -11748 -12144 -12552
-12936 -13332 -13740 -14148
-14316 -14724 -15144 -15612
-16008 -16380 -16764 -17124
-17484 -17844 -18216 -18600
-18684 -19056 -19440 -19932
-20280 -20628 -20952 -21288
-21600 -21924 -22260 -22596
-22608 -22932 -23268 -23748
-24060 -24348 -24636 -24924
-25188 -25464 -25740 -26028
-25968 -26232 -26520 -27000
-27240 -27480 -27720 -27948
-28152 -28380 -28596 -28824
-28692 -28896 -29112 -29568
-29760 -29928 -30108 -30288
-30432 -30588 -30756 -30912
-30708 -30840 -30996 -31416
-31536 -31644 -31764 -31872
-31956 -32052 -32148 -32244
-31968 -32028 -32112 -32496
-32544 -32580 -32628 -32676
-32700 -32724 -32748 32764
-32436 -32424 -32436 32764
-32748 -32724 -32700 -32676
-32628 -32580 -32544 -32496
-32112 -32028 -31968 -32244
-32148 -32052 -31956 -31872
-31764 -31644 -31536 -31416
-30996 -30840 -30708 -30912
-30756 -30588 -30432 -30288
-30108 -29928 -29760 -29568
-29112 -28896 -28692 -28824
-28596 -28380 -28152 -27948
-27720 -27480 -27240 -27000
-26520 -26232 -25968 -26028
-25740 -25464 -25188 -24924
-24636 -24348 -24060 -23748
-23268 -22932 -22608 -22596
-22260 -21924 -21600 -21288
-20952 -20628 -20280 -19932
-19440 -19056 -18684 -18600
-18216 -17844 -17484 -17124
-16764 -16380 -16008 -15612
-15144 -14724 -14316 -14148
-13740 -13332 -12936 -12552
-12144 -11748 -11340 -10908
-10476 -10020 -9588 -9348
-8916 -8484 -8064 -7656
-7236 -6816 -6384 -5940
-5544 -5076 -4620 -4320
-3864 -3432 -3000 -2580
-2148 -1716 -1284 -828
-468 0 468 816
1272 1716 2148 2568
2988 3420 3852 4308
4608 5064 5532 5928
6372 6804 7224 7644
8052 8472 8904 9336
9576 10008 10464 10896
11328 11736 12144 12540
12924 13320 13728 14136
14304 14712 15132 15600
15996 16380 16752 17112
17472 17832 18204 18588
18672 19056 19440 19920
20268 20616 20952 21276
21588 21912 22248 22584
22596 22920 23256 23736
24048 24336 24624 24912
25176 25452 25728 26016
25956 26220 26508 26988
27228 27468 27708 27936
28152 28368 28584 28812
28680 28884 29100 29556
29748 29916 30096 30276
30420 30576 30744 30900
30696 30828 30984 31404
31524 31632 31752 31860
31944 32040 32136 32232
31956 32016 32100 32484
32532 32568 32616 32664
32688 32712 32736 32760
32424 32412 32424 32760
32736 32712 32688 32664
32616 32568 32532 32484
32100 32016 31956 32232
32136 32040 31944 31860
31752 31632 31524 31404
30984 30828 30696 30900
30744 30576 30420 30276
30096 29916 29748 29556
29100 28884 28680 28812
28584 28368 28152 27936
27708 27468 27228 26988
26508 26220 25956 26016
25728 25452 25176 24912
24624 24336 24048 23736
23256 22920 22596 22584
22248 21912 21588 21276
20952 20616 20268 19920
19440 19056 18672 18588
18204 17832 17472 17112
16752 16380 15996 15600
15132 14712 14304 14136
13728 13320 12924 12540
12144 11736 11328 10896
10464 10008 9576 9336
8904 8472 8052 7644
7224 6804 6372 5928
5532 5064 4608 4308
3852 3420 2988 2568
2148 1716 1272 816
468 0 -468 -828
-1284 -1716 -2148 -2580
-3000 -3432 -3864 -4320
-4620 -5076 -5544 -5940
-6384 -6816 -7236 -7656
-8064 -8484 -8916 -9348
-9588 -10020 -10476 -10908
-11340 -11748 -12144 -12552
-12936 -13332 -13740 -14148
-14316 -14724 -15144 -15612
-16008 -16380 -16764 -17124
-17484 -17844 -18216 -18600
-18684 -19056 -19440 -19932
-20280 -20628 -20952 -21288
-21600 -21924 -22260 -22596
-22608 -22932 -23268 -23748
-24060 -24348 -24636 -24924
-25188 -25464 -25740 -26028
-25968 -26232 -26520 -27000
-27240 -27480 -27720 -27948
-28152 -28380 -28596 -28824
-28692 -28896 -29112 -29568
-29760 -29928 -30108 -30288
-30432 -30588 -30756 -30912
-30708 -30840 -30996 -31416
-31536 -31644 -31764 -31872
-31956 -32052 -32148 -32244
-31968 -32028 -32112 -32496
-32544 -32580 -32628 -32676
-32700 -32724 -32748 32764
-32436 -32424 -32436 32764
-32748 -32724 -32700 -32676
-32628 -32580 -32544 -32496
-32112 -32028 -31968 -32244
-32148 -32052 -31956 -31872
-31764 -31644 -31536 -31416
-30996 -30840 -30708 -30912
-30756 -30588 -30432 -30288
-30108 -29928 -29760 -29568
-29112 -28896 -28692 -28824
-28596 -28380 -28152 -27948
-27720 -27480 -27240 -27000
-26520 -26232 -25968 -26028
-25740 -25464 -25188 -24924
-24636 -24348 -24060 -23748
-23268 -22932 -22608 -22596
-22260 -21924 -21600 -21288
-20952 -20628 -20280 -19932
-19440 -19056 -18684 -18600
-18216 -17844 -17484 -17124
-16764 -16380 -16008 -15612
-15144 -14724 -14316 -14148
-13740 -13332 -12936 -12552
-12144 -11748 -11340 -10908
-10476 -10020 -9588 -9348
-8916 -8484 -8064 -7656
-7236 -6816 -6384 -5940
-5544 -5076 -4620 -4320
-3864 -3432 -3000 -2580
-2148 -1716 -1284 -828
-468 0 468 816
1272 1716 2148 2568
2988 3420 3852 4308
4608 5064 5532 5928
6372 6804 7224 7644
8052 8472 8904 9336
9576 10008 10464 10896
11328 11736 12144 12540
12924 13320 13728 14136
14304 14712 15132 15600
15996 16380 16752 17112
17472 17832 18204 18588
18672 19056 19440 19920
20268 20616 20952 21276
21588 21912 22248 22584
22596 22920 23256 23736
24048 24336 24624 24912
25176 25452 25728 26016
25956 26220 26508 26988
27228 27468 27708 27936
28152 28368 28584 28812
28680 28884 29100 29556
29748 29916 30096 30276
30420 30576 30744 30900
30696 30828 30984 31404
31524 31632 31752 31860
31944 32040 32136 32232
31956 32016 32100 32484
32532 32568 32616 32664
32688 32712 32736 32760
32424 32412 32424 32760
32736 32712 32688 32664
32616 32568 32532 32484
32100 32016 31956 32232
32136 32040 31944 31860
31752 31632 31524 31404
30984 30828 30696 30900
30744 30576 30420 30276
30096 29916 29748 29556
29100 28884 28680 28812
28584 28368 28152 27936
27708 27468 27228 26988
26508 26220 25956 26016
25728 25452 25176 24912
24624 24336 24048 23736
23256 22920 22596 22584
22248 21912 21588 21276
20952 20616 20268 19920
19440 19056 18672 18588
18204 17832 17472 17112
16752 16380 15996 15600
15132 14712 14304 14136
13728 13320 12924 12540
12144 11736 11328 10896
10464 10008 9576 9336
8904 8472 8052 7644
7224 6804 6372 5928
5532 5064 4608 4308
3852 3420 2988 2568
2148 1716 1272 816
468 0 -468 -828
-1284 -1716 -2148 -2580
-3000 -3432 -3864 -4320
-4620 -5076 -5544 -5940
-6384 -6816 -7236 -7656
-8064 -8484 -8916 -9348
-9588 -10020 -10476 -10908
-11340 -11748 -12144 -12552
-12936 -13332 -13740 -14148
-14316 -14724 -15144 -15612
-16008 -16380 -16764 -17124
-17484 -17844 -18216 -18600
-18684 -19056 -19440 -19932
-20280 -20628 -20952 -21288
-21600 -21924 -22260 -22596
-22608 -22932 -23268 -23748
-24060 -24348 -24636 -24924
-25188 -25464 -25740 -26028
-25968 -26232 -26520 -27000
-27240 -27480 -27720 -27948
-28152 -28380 -28596 -28824
-28692 -28896 -29112 -29568
-29760 -29928 -30108 -30288
-30432 -30588 -30756 -30912
-30708 -30840 -30996 -31416
-31536 -31644 -31764 -31872
-31956 -32052 -32148 -32244
-31968 -32028 -32112 -32496
-32544 -32580 -32628 -32676
-32700 -32724 -32748 32764
-32436 -32424 -32436 32764
-32748 -32724 -32700 -32676
-32628 -32580 -32544 -32496
-32112 -32028 -31968 -32244
-32148 -32052 -31956 -31872
-31764 -31644 -31536 -31416
-30996 -30840 -30708 -30912
-30756 -30588 -30432 -30288
-30108 -29928 -29760 -29568
-29112 -28896 -28692 -28824
-28596 -28380 -28152 -27948
-27720 -27480 -27240 -27000
-26520 -26232 -25968 -26028
-25740 -25464 -25188 -24924
-24636 -24348 -24060 -23748
-23268 -22932 -22608 -22596
-22260 -21924 -21600 -21288
-20952 -20628 -20280 -19932
-19440 -19056 -18684 -18600
-18216 -17844 -17484 -17124
-16764 -16380 -16008 -15612
-15144 -14724 -14316 -14148
-13740 -13332 -12936 -12552
-12144 -11748 -11340 -10908
-10476 -10020 -9588 -9348
-8916 -8484 -8064 -7656
-7236 -6816 -6384 -5940
-5544 -5076 -4620 -4320
-3864 -3432 -3000 -2580
-2148 -1716 -1284 -828
-468 0 468 816
1272 1716 2148 2568
2988 3420 3852 4308
4608 5064 5532 5928
6372 6804 7224 7644
8052 8472 8904 9336
9576 10008 10464 10896
11328 11736 12144 12540
12924 13320 13728 14136
14304 14712 15132 15600
15996 16380 16752 17112
17472 17832 18204 18588
18672 19056 19440 19920
20268 20616 20952 21276
21588 21912 22248 22584
22596 22920 23256 23736
24048 24336 24624 24912
25176 25452 25728 26016
25956 26220 26508 26988
27228 27468 27708 27936
28152 28368 28584 28812
28680 28884 29100 29556
29748 29916 30096 30276
30420 30576 30744 30900
30696 30828 30984 31404
31524 31632 31752 31860
31944 32040 32136 32232
31956 32016 32100 32484
32532 32568 32616 32664
32688 32712 32736 32760
32424 32412 32424 32760
32736 32712 32688 32664
32616 32568 32532 32484
32100 32016 31956 32232
32136 32040 31944 31860
31752 31632 31524 31404
30984 30828 30696 30900
30744 30576 30420 30276
30096 29916 29748 29556
29100 28884 28680 28812
28584 28368 28152 27936
27708 27468 27228 26988
26508 26220 25956 26016
25728 25452 25176 24912
24624 24336 24048 23736
23256 22920 22596 22584
22248 21912 21588 21276
20952 20616 20268 19920
19440 19056 18672 18588
18204 17832 17472 17112
16752 16380 15996 15600
15132 14712 14304 14136
13728 13320 12924 12540
12144 11736 11328 10896
10464 10008 9576 9336
8904 8472 8052 7644
7224 6804 6372 5928
5532 5064 4608 4308
3852 3420 2988 2568
2148 1716 1272 816
468 0 -468 -828
-1284 -1716 -2148 -2580
-3000 -3432 -3864 -4320
-4620 -5076 -5544 -5940
-6384 -6816 -7236 -7656
-8064 -8484 -8916 -9348
-9588 -10020 -10476 -10908
-11340 -11748 -12144 -12552
-12936 -13332 -13740 -14148
-14316 -14724 -15144 -15612
-16008 -16380 -16764 -17124
-17484 -17844 -18216 -18600
-18684 -19056 -19440 -19932
-20280 -20628 -20952 -21288
-21600 -21924 -22260 -22596
-22608 -22932 -23268 -23748
-24060 -24348 -24636 -24924
-25188 -25464 -25740 -26028
-25968 -26232 -26520 -27000
-27240 -27480 -27720 -27948
-28152 -28380 -28596 -28824
-28692 -28896 -29112 -29568
-29760 -29928 -30108 -30288
-30432 -30588 -30756 -30912
-30708 -30840 -30996 -31416
-31536 -31644 -31764 -31872
-31956 -32052 -32148 -32244
-31968 -32028 -32112 -32496
-32544 -32580 -32628 -32676
-32700 -32724 -32748 32764
-32436 -32424 -32436 32764
-32748 -32724 -32700 -32676
-32628 -32580 -32544 -32496
-32112 -32028 -31968 -32244
-32148 -32052 -31956 -31872
-31764 -31644 -31536 -31416
-30996 -30840 -30708 -30912
-30756 -30588 -30432 -30288
-30108 -29928 -29760 -29568
-29112 -28896 -28692 -28824
-28596 -28380 -28152 -27948
-27720 -27480 -27240 -27000
-26520 -26232 -25968 -26028
-25740 -25464 -25188 -24924
-24636 -24348 -24060 -23748
-23268 -22932 -22608 -22596
-22260 -21924 -21600 -21288
-20952 -20628 -20280 -19932
-19440 -19056 -18684 -18600
-18216 -17844 -17484 -17124
-16764 -16380 -16008 -15612
-15144 -14724 -14316 -14148
-13740 -13332 -12936 -12552
-12144 -11748 -11340 -10908
-10476 -10020 -9588 -9348
-8916 -8484 -8064 -7656
-7236 -6816 -6384 -5940
-5544 -5076 -4620 -4320
-3864 -3432 -3000 -2580
-2148 -1716 -1284 -828
-468 0 468 816
1272 1716 2148 2568
2988 3420 3852 4308
4608 5064 5532 5928
6372 6804 7224 7644
8052 8472 8904 9336
9576 10008 10464 10896
11328 11736 12144 12540
12924 13320 13728 14136
14304 14712 15132 15600
15996 16380 16752 17112
17472 17832 18204 18588
18672 19056 19440 19920
20268 20616 20952 21276
21588 21912 22248 22584
22596 22920 23256 23736
24048 24336 24624 24912
25176 25452 25728 26016
25956 26220 26508 26988
27228 27468 27708 27936
28152 28368 28584 28812
28680 28884 29100 29556
29748 29916 30096 30276
30420 30576 30744 30900
30696 30828 30984 31404
31524 31632 31752 31860
31944 32040 32136 32232
31956 32016 32100 32484
32532 32568 32616 32664
32688 32712 32736 32760
32424 32412 32424 32760
32736 32712 32688 32664
32616 32568 32532 32484
32100 32016 31956 32232
32136 32040 31944 31860
31752 31632 31524 31404
30984 30828 30696 30900
30744 30576 30420 30276
30096 29916 29748 29556
29100 28884 28680 28812
28584 28368 28152 27936
27708 27468 27228 26988
26508 26220 25956 26016
25728 25452 25176 24912
24624 24336 24048 23736
23256 22920 22596 22584
22248 21912 21588 21276
20952 20616 20268 19920
19440 19056 18672 18588
18204 17832 17472 17112
16752 16380 15996 15600
15132 14712 14304 14136
13728 13320 12924 12540
12144 11736 11328 10896
10464 10008 9576 9336
8904 8472 8052 7644
7224 6804 6372 5928
5532 5064 4608 4308
3852 3420 2988 2568
2148 1716 1272 816
468 0 -468 -828
-1284 -1716 -2148 -2580
-3000 -3432 -3864 -4320
-4620 -5076 -5544 -5940
-6384 -6816 -7236 -7656
-8064 -8484 -8916 -9348
-9588 -10020 -10476 -10908
-11340 -11748 -12144 -12552
-12936 -13332 -13740 -14148
-14316 -14724 -15144 -15612
-16008 -16380 -16764 -17124
-17484 -17844 -18216 -18600
-18684 -19056 -19440 -19932
-20280 -20628 -20952 -21288
-21600 -21924 -22260 -22596
-22608 -22932 -23268 -23748
-24060 -24348 -24636 -24924
-25188 -25464 -25740 -26028
-25968 -26232 -26520 -27000
-27240 -27480 -27720 -27948
-28152 -28380 -28596 -28824
-28692 -28896 -29112 -29568
-29760 -29928 -30108 -30288
-30432 -30588 -30756 -30912
-30708 -30840 -30996 -31416
-31536 -31644 -31764 -31872
-31956 -32052 -32148 -32244
-31968 -32028 -32112 -32496
-32544 -32580 -32628 -32676
-32700 -32724 -32748 32764
-32436 -32424 -32436 32764
-32748 -32724 -32700 -32676
-32628 -32580 -32544 -32496
-32112 -32028 -31968 -32244
-32148 -32052 -31956 -31872
-31764 -31644 -31536 -31416
-30996 -30840 -30708 -30912
-30756 -30588 -30432 -30288
-30108 -29928 -29760 -29568
-29112 -28896 -28692 -28824
-28596 -28380 -28152 -27948
-27720 -27480 -27240 -27000
-26520 -26232 -25968 -26028
-25740 -25464 -25188 -24924
-24636 -24348 -24060 -23748
-23268 -22932 -22608 -22596
-22260 -21924 -21600 -21288
-20952 -20628 -20280 -19932
-19440 -19056 -18684 -18600
-18216 -17844 -17484 -17124
-16764 -16380 -16008 -15612
-15144 -14724 -14316 -14148
-13740 -13332 -12936 -12552
-12144 -11748 -11340 -10908
-10476 -10020 -9588 -9348
-8916 -8484 -8064 -7656
-7236 -6816 -6384 -5940
-5544 -5076 -4620 -4320
-3864 -3432 -3000 -2580
-2148 -1716 -1284 -828
-468 0 468 816
1272 1716 2148 2568
2988 3420 3852 4308
4608 5064 5532 5928
6372 6804 7224 7644
8052 8472 8904 9336
9576 10008 10464 10896
11328 11736 12144 12540
12924 13320 13728 14136
14304 14712 15132 15600
15996 16380 16752 17112
17472 17832 18204 18588
18672 19056 19440 19920
20268 20616 20952 21276
21588 21912 22248 22584
22596 22920 23256 23736
24048 24336 24624 24912
25176 25452 25728 26016
25956 26220 26508 26988
27228 27468 27708 27936
28152 28368 28584 28812
28680 28884 29100 29556
29748 29916 30096 30276
30420 30576 30744 30900
30696 30828 30984 31404
31524 31632 31752 31860
31944 32040 32136 32232
31956 32016 32100 32484
32532 32568 32616 32664
32688 32712 32736 32760
32424 32412 32424 32760
32736 32712 32688 32664
32616 32568 32532 32484
32100 32016 31956 32232
32136 32040 31944 31860
31752 31632 31524 31404
30984 30828 30696 30900
30744 30576 30420 30276
30096 29916 29748 29556
29100 28884 28680 28812
28584 28368 28152 27936
27708 27468 27228 26988
26508 26220 25956 26016
25728 25452 25176 24912
24624 24336 24048 23736
23256 22920 22596 22584
22248 21912 21588 21276
20952 20616 20268 19920
19440 19056 18672 18588
18204 17832 17472 17112
16752 16380 15996 15600
15132 14712 14304 14136
13728 13320 12924 12540
12144 11736 11328 10896
10464 10008 9576 9336
8904 8472 8052 7644
7224 6804 6372 5928
5532 5064 4608 4308
3852 3420 2988 2568
2148 1716 1272 816
468 0 -468 -828
-1284 -1716 -2148 -2580
-3000 -3432 -3864 -4320
-4620 -5076 -5544 -5940
-6384 -6816 -7236 -7656
-8064 -8484 -8916 -9348
-9588 -10020 -10476 -10908
-11340 -11748 -12144 -12552
-12936 -13332 -13740 -14148
-14316 -14724 -15144 -15612
-16008 -16380 -16764 -17124
-17484 -17844 -18216 -18600
-18684 -19056 -19440 -19932
-20280 -20628 -20952 -21288
-21600 -21924 -22260 -22596
-22608 -22932 -23268 -23748
-24060 -24348 -24636 -24924
-25188 -25464 -25740 -26028
-25968 -26232 -26520 -27000
-27240 -27480 -27720 -27948
-28152 -28380 -28596 -28824
-28692 -28896 -29112 -29568
-29760 -29928 -30108 -30288
-30432 -30588 -30756 -30912
-30708 -30840 -30996 -31416
-31536 -31644 -31764 -31872
-31956 -32052 -32148 -32244
-31968 -32028 -32112 -32496
-32544 -32580 -32628 -32676
-32700 -32724 -32748 32764
-32436 -32424 -32436 32764
-32748 -32724 -32700 -32676
-32628 -32580 -32544 -32496
-32112 -32028 -31968 -32244
-32148 -32052 -31956 -31872
-31764 -31644 -31536 -31416
-30996 -30840 -30708 -30912
-30756 -30588 -30432 -30288
-30108 -29928 -29760 -29568
-29112 -28896 -28692 -28824
-28596 -28380 -28152 -27948
-27720 -27480 -27240 -27000
-26520 -26232 -25968 -26028
-25740 -25464 -25188 -24924
-24636 -24348 -24060 -23748
-23268 -22932 -22608 -22596
-22260 -21924 -21600 -21288
-20952 -20628 -20280 -19932
-19440 -19056 -18684 -18600
-18216 -17844 -17484 -17124
-16764 -16380 -16008 -15612
-15144 -14724 -14316 -14148
-13740 -13332 -12936 -12552
-12144 -11748 -11340 -10908
-10476 -10020 -9588 -9348
-8916 -8484 -8064 -7656
-7236 -6816 -6384 -5940
-5544 -5076 -4620 -4320
-3864 -3432 -3000 -2580
-2148 -1716 -1284 -828
-468 0 468 816
1272 1716 2148 2568
2988 3420 3852 4308
4608 5064 5532 5928
6372 6804 7224 7644
8052 8472 8904 9336
9576 10008 10464 10896
11328 11736 12144 12540
12924 13320 13728 14136
14304 14712 15132 15600
15996 16380 16752 17112
17472 17832 18204 18588
18672 19056 19440 19920
20268 20616 20952 21276
21588 21912 22248 22584
22596 22920 23256 23736
24048 24336 24624 24912
25176 25452 25728 26016
25956 26220 26508 26988
27228 27468 27708 27936
28152 28368 28584 28812
28680 28884 29100 29556
29748 29916 30096 30276
30420 30576 30744 30900
30696 30828 30984 31404
31524 31632 31752 31860
31944 32040 32136 32232
31956 32016 32100 32484
32532 32568 32616 32664
32688 32712 32736 32760
32424 32412 32424 32760
32736 32712 32688 32664
32616 32568 32532 32484
32100 32016 31956 32232
32136 32040 31944 31860
31752 31632 31524 31404
30984 30828 30696 30900
30744 30576 30420 30276
30096 29916 29748 29556
29100 28884 28680 28812
28584 28368 28152 27936
27708 27468 27228 26988
26508 26220 25956 26016
25728 25452 25176 24912
24624 24336 24048 23736
23256 22920 22596 22584
22248 21912 21588 21276
20952 20616 20268 19920
19440 19056 18672 18588
18204 17832 17472 17112
16752 16380 15996 15600
15132 14712 14304 14136
13728 13320 12924 12540
12144 11736 11328 10896
10464 10008 9576 9336
8904 8472 8052 7644
7224 6804 6372 5928
5532 5064 4608 4308
3852 3420 2988 2568
2148 1716 1272 816
468 0 -468 -828
-1284 -1716 -2148 -2580
-3000 -3432 -3864 -4320
-4620 -5076 -5544 -5940
-6384 -6816 -7236 -7656
-8064 -8484 -8916 -9348
-9588 -10020 -10476 -10908
-11340 -11748 -12144 -12552
-12936 -13332 -13740 -14148
-14316 -14724 -15144 -15612
-16008 -16380 -16764 -17124
-17484 -17844 -18216 -18600
-18684 -19056 -19440 -19932
-20280 -20628 -20952 -21288
-21600 -21924 -22260 -22596
-22608 -22932 -23268 -23748
-24060 -24348 -24636 -24924
-25188 -25464 -25740 -26028
-25968 -26232 -26520 -27000
-27240 -27480 -27720 -27948
-28152 -28380 -28596 -28824
-28692 -28896 -29112 -29568
-29760 -29928 -30108 -30288
-30432 -30588 -30756 -30912
-30708 -30840 -30996 -31416
-31536 -31644 -31764 -31872
-31956 -32052 -32148 -32244
-31968 -32028 -32112 -32496
-32544 -32580 -32628 -32676
-32700 -32724 -32748 32764
-32436 -32424 -32436 32764
-32748 -32724 -32700 -32676
-32628 -32580 -32544 -32496
-32112 -32028 -31968 -32244
-32148 -32052 -31956 -31872
-31764 -31644 -31536 -31416
-30996 -30840 -30708 -30912
-30756 -30588 -30432 -30288
-30108 -29928 -29760 -29568
-29112 -28896 -28692 -28824
-28596 -28380 -28152 -27948
-27720 -27480 -27240 -27000
-26520 -26232 -25968 -26028
-25740 -25464 -25188 -24924
-24636 -24348 -24060 -23748
-23268 -22932 -22608 -22596
-22260 -21924 -21600 -21288
-20952 -20628 -20280 -19932
-19440 -19056 -18684 -18600
-18216 -17844 -17484 -17124
-16764 -16380 -16008 -15612
-15144 -14724 -14316 -14148
-13740 -13332 -12936 -12552
-12144 -11748 -11340 -10908
-10476 -10020 -9588 -9348
-8916 -8484 -8064 -7656
-7236 -6816 -6384 -5940
-5544 -5076 -4620 -4320
-3864 -3432 -3000 -2580
-2148 -1716 -1284 -828
-468 0 468 816
1272 1716 2148 2568
2988 3420 3852 4308
4608 5064 5532 5928
6372 6804 7224 7644
8052 8472 8904 9336
9576 10008 10464 10896
11328 11736 12144 12540
12924 13320 13728 14136
14304 14712 15132 15600
15996 16380 16752 17112
17472 17832 18204 18588
18672 19056 19440 19920
20268 20616 20952 21276
21588 21912 22248 22584
22596 22920 23256 23736
24048 24336 24624 24912
25176 25452 25728 26016
25956 26220 26508 26988
27228 27468 27708 27936
28152 28368 28584 28812
28680 28884 29100 29556
29748 29916 30096 30276
30420 30576 30744 30900
30696 30828 30984 31404
31524 31632 31752 31860
31944 32040 32136 32232
31956 32016 32100 32484
32532 32568 32616 32664
32688 32712 32736 32760
32424 32412 32424 32760
32736 32712 32688 32664
32616 32568 32532 32484
32100 32016 31956 32232
32136 32040 31944 31860
31752 31632 31524 31404
30984 30828 30696 30900
30744 30576 30420 30276
30096 29916 29748 29556
29100 28884 28680 28812
28584 28368 28152 27936
27708 27468 27228 26988
26508 26220 25956 26016
25728 25452 25176 24912
24624 24336 24048 23736
23256 22920 22596 22584
22248 21912 21588 21276
20952 20616 20268 19920
19440 19056 18672 18588
18204 17832 17472 17112
16752 16380 15996 15600
15132 14712 14304 14136
13728 13320 12924 12540
12144 11736 11328 10896
10464 10008 9576 9336
8904 8472 8052 7644
7224 6804 6372 5928
5532 5064 4608 4308
3852 3420 2988 2568
2148 1716 1272 816
468 0 -468 -828
-1284 -1716 -2148 -2580
-3000 -3432 -3864 -4320
-4620 -5076 -5544 -5940
-6384 -6816 -7236 -7656
-8064 -8484 -8916 -9348
-9588 -10020 -10476 -10908
-11340 -11748 -12144 -12552
-12936 -13332 -13740 -14148
-14316 -14724 -15144 -15612
-16008 -16380 -16764 -17124
-17484 -17844 -18216 -18600
-18684 -19056 -19440 -19932
-20280 -20628 -20952 -21288
-21600 -21924 -22260 -22596
-22608 -22932 -23268 -23748
-24060 -24348 -24636 -24924
-25188 -25464 -25740 -26028
-25968 -26232 -26520 -27000
-27240 -27480 -27720 -27948
-28152 -28380 -28596 -28824
-28692 -28896 -29112 -29568
-29760 -29928 -30108 -30288
-30432 -30588 -30756 -30912
-30708 -30840 -30996 -31416
-31536 -31644 -31764 -31872
-31956 -32052 -32148 -32244
-31968 -32028 -32112 -32496
-32544 -32580 -32628 -32676
-32700 -32724 -32748 32764
-32436 -32424 -32436 32764
-32748 -32724 -32700 -32676
-32628 -32580 -32544 -32496
-32112 -32028 -31968 -32244
-32148 -32052 -31956 -31872
-31764 -31644 -31536 -31416
-30996 -30840 -30708 -30912
-30756 -30588 -30432 -30288
-30108 -29928 -29760 -29568
-29112 -28896 -28692 -28824
-28596 -28380 -28152 -27948
-27720 -27480 -27240 -27000
-26520 -26232 -25968 -26028
-25740 -25464 -25188 -24924
-24636 -24348 -24060 -23748
-23268 -22932 -22608 -22596
-22260 -21924 -21600 -21288
-20952 -20628 -20280 -19932
-19440 -19056 -18684 -18600
-18216 -17844 -17484 -17124
-16764 -16380 -16008 -15612
-15144 -14724 -14316 -14148
-13740 -13332 -12936 -12552
-12144 -11748 -11340 -10908
-10476 -10020 -9588 -9348
-8916 -8484 -8064 -7656
-7236 -6816 -6384 -5940
-5544 -5076 -4620 -4320
-3864 -3432 -3000 -2580
-2148 -1716 -1284 -828
-468 0 468 816
1272 1716 2148 2568
2988 3420 3852 4308
4608 5064 5532 5928
6372 6804 7224 7644
8052 8472 8904 9336
9576 10008 10464 10896
11328 11736 12144 12540
12924 13320 13728 14136
14304 14712 15132 15600
15996 16380 16752 17112
17472 17832 18204 18588
18672 19056 19440 19920
20268 20616 20952 21276
21588 21912 22248 22584
22596 22920 23256 23736
24048 24336 24624 24912
25176 25452 25728 26016
25956 26220 26508 26988
27228 27468 27708 27936
28152 28368 28584 28812
28680 28884 29100 29556
29748 29916 30096 30276
30420 30576 30744 30900
30696 30828 30984 31404
31524 31632 31752 31860
31944 32040 32136 32232
31956 32016 32100 32484
32532 32568 32616 32664
32688 32712 32736 32760
32424 32412 32424 32760
32736 32712 32688 32664
32616 32568 32532 32484
32100 32016 31956 32232
32136 32040 31944 31860
31752 31632 31524 31404
30984 30828 30696 30900
30744 30576 30420 30276
30096 29916 29748 29556
29100 28884 28680 28812
28584 28368 28152 27936
27708 27468 27228 26988
26508 26220 25956 26016
25728 25452 25176 24912
24624 24336 24048 23736
23256 22920 22596 22584
22248 21912 21588 21276
20952 20616 20268 19920
19440 19056 18672 18588
18204 17832 17472 17112
16752 16380 15996 15600
15132 14712 14304 14136
13728 13320 12924 12540
12144 11736 11328 10896
10464 10008 9576 9336
8904 8472 8052 7644
7224 6804 6372 5928
5532 5064 4608 4308
3852 3420 2988 2568
2148 1716 1272 816
468 0 -468 -828
-1284 -1716 -2148 -2580
-3000 -3432 -3864 -4320
-4620 -5076 -5544 -5940
-6384 -6816 -7236 -7656
-8064 -8484 -8916 -9348
-9588 -10020 -10476 -10908
-11340 -11748 -12144 -12552
-12936 -13332 -13740 -14148
-14316 -14724 -15144 -15612
-16008 -16380 -16764 -17124
-17484 -17844 -18216 -18600
-18684 -19056 -19440 -19932
-20280 -20628 -20952 -21288
-21600 -21924 -22260 -22596
-22608 -22932 -23268 -23748
-24060 -24348 -24636 -24924
-25188 -25464 -25740 -26028
-25968 -26232 -26520 -27000
-27240 -27480 -27720 -27948
-28152 -28380 -28596 -28824
-28692 -28896 -29112 -29568
-29760 -29928 -30108 -30288
-30432 -30588 -30756 -30912
-30708 -30840 -30996 -31416
-31536 -31644 -31764 -31872
-31956 -32052 -32148 -32244
-31968 -32028 -32112 -32496
-32544 -32580 -32628 -32676
-32700 -32724 -32748 32764
-32436 -32424 -32436 32764
-32748 -32724 -32700 -32676
-32628 -32580 -32544 -32496
-32112 -32028 -31968 -32244
-32148 -32052 -31956 -31872
-31764 -31644 -31536 -31416
-30996 -30840 -30708 -30912
-30756 -30588 -30432 -30288
-30108 -29928 -29760 -29568
-29112 -28896 -28692 -28824
-28596 -28380 -28152 -27948
-27720 -27480 -27240 -27000
-26520 -26232 -25968 -26028
-25740 -25464 -25188 -24924
-24636 -24348 -24060 -23748
-23268 -22932 -22608 -22596
-22260 -21924 -21600 -21288
-20952 -20628 -20280 -19932
-19440 -19056 -18684 -18600
-18216 -17844 -17484 -17124
-16764 -16380 -16008 -15612
-15144 -14724 -14316 -14148
-13740 -13332 -12936 -12552
-12144 -11748 -11340 -10908
-10476 -10020 -9588 -9348
-8916 -8484 -8064 -7656
-7236 -6816 -6384 -5940
-5544 -5076 -4620 -4320
-3864 -3432 -3000 -2580
-2148 -1716 -1284 -828
-468 0 468 816
1272 1716 2148 2568
2988 3420 3852 4308
4608 5064 5532 5928
6372 6804 7224 7644
8052 8472 8904 9336
9576 10008 10464 10896
11328 11736 12144 12540
12924 13320 13728 14136
14304 14712 15132 15600
15996 16380 16752 17112
17472 17832 18204 18588
18672 19056 19440 19920
20268 20616 20952 21276
21588 21912 22248 22584
22596 22920 23256 23736
24048 24336 24624 24912
25176 25452 25728 26016
25956 26220 26508 26988
27228 27468 27708 27936
28152 28368 28584 28812
28680 28884 29100 29556
29748 29916 30096 30276
30420 30576 30744 30900
30696 30828 30984 31404
31524 31632 31752 31860
31944 32040 32136 32232
31956 32016 32100 32484
32532 32568 32616 32664
32688 32712 32736 32760
32424 32412 32424 32760
32736 32712 32688 32664
32616 32568 32532 32484
32100 32016 31956 32232
32136 32040 31944 31860
31752 31632 31524 31404
30984 30828 30696 30900
30744 30576 30420 30276
30096 29916 29748 29556
29100 28884 28680 28812
28584 28368 28152 27936
27708 27468 27228 26988
26508 26220 25956 26016
25728 25452 25176 24912
24624 24336 24048 23736
23256 22920 22596 22584
22248 21912 21588 21276
20952 20616 20268 19920
19440 19056 18672 18588
18204 17832 17472 17112
16752 16380 15996 15600
15132 14712 14304 14136
13728 13320 12924 12540
12144 11736 11328 10896
10464 10008 9576 9336
8904 8472 8052 7644
7224 6804 6372 5928
5532 5064 4608 4308
3852 3420 2988 2568
2148 1716 1272 816
468 0 -468 -828
-1284 -1716 -2148 -2580
-3000 -3432 -3864 -4320
-4620 -5076 -5544 -5940
-6384 -6816 -7236 -7656
-8064 -8484 -8916 -9348
-9588 -10020 -10476 -10908
-11340 -11748 -12144 -12552
-12936 -13332 -13740 -14148
-14316 -14724 -15144 -15612
-16008 -16380 -16764 -17124
-17484 -17844 -18216 -18600
-18684 -19056 -19440 -19932
-20280 -20628 -20952 -21288
-21600 -21924 -22260 -22596
-22608 -22932 -23268 -23748
-24060 -24348 -24636 -24924
-25188 -25464 -25740 -26028
-25968 -26232 -26520 -27000
-27240 -27480 -27720 -27948
-28152 -28380 -28596 -28824
-28692 -28896 -29112 -29568
-29760 -29928 -30108 -30288
-30432 -30588 -30756 -30912
-30708 -30840 -30996 -31416
-31536 -31644 -31764 -31872
-31956 -32052 -32148 -32244
-31968 -32028 -32112 -32496
-32544 -32580 -32628 -32676
-32700 -32724 -32748 32764
-32436 -32424 -32436 32764
-32748 -32724 -32700 -32676
-32628 -32580 -32544 -32496
-32112 -32028 -31968 -32244
-32148 -32052 -31956 -31872
-31764 -31644 -31536 -31416
-30996 -30840 -30708 -30912
-30756 -30588 -30432 -30288
-30108 -29928 -29760 -29568
-29112 -28896 -28692 -28824
-28596 -28380 -28152 -27948
-27720 -27480 -27240 -27000
-26520 -26232 -25968 -26028
-25740 -25464 -25188 -24924
-24636 -24348 -24060 -23748
-23268 -22932 -22608 -22596
-22260 -21924 -21600 -21288
-20952 -20628 -20280 -19932
-19440 -19056 -18684 -18600
-18216 -17844 -17484 -17124
-16764 -16380 -16008 -15612
-15144 -14724 -14316 -14148
-13740 -13332 -12936 -12552
-12144 -11748 -11340 -10908
-10476 -10020 -9588 -9348
-8916 -8484 -8064 -7656
-7236 -6816 -6384 -5940
-5544 -5076 -4620 -4320
-3864 -3432 -3000 -2580
-2148 -1716 -1284 -828
-468 0 468 816
1272 1716 2148 2568
2988 3420 3852 4308
4608 5064 5532 5928
6372 6804 7224 7644
8052 8472 8904 9336
9576 10008 10464 10896
11328 11736 12144 12540
12924 13320 13728 14136
14304 14712 15132 15600
15996 16380 16752 17112
17472 17832 18204 18588
18672 19056 19440 19920
20268 20616 20952 21276
21588 21912 22248 22584
22596 22920 23256 23736
24048 24336 24624 24912
25176 25452 25728 26016
25956 26220 26508 26988
27228 27468 27708 27936
28152 28368 28584 28812
28680 28884 29100 29556
29748 29916 30096 30276
30420 30576 30744 30900
30696 30828 30984 31404
31524 31632 31752 31860
31944 32040 32136 32232
31956 32016 32100 32484
32532 32568 32616 32664
32688 32712 32736 32760
32424 32412 32424 32760
32736 32712 32688 32664
32616 32568 32532 32484
32100 32016 31956 32232
32136 32040 31944 31860
31752 31632 31524 31404
30984 30828 30696 30900
30744 30576 30420 30276
30096 29916 29748 29556
29100 28884 28680 28812
28584 28368 28152 27936
27708 27468 27228 26988
26508 26220 25956 26016
25728 25452 25176 24912
24624 24336 24048 23736
23256 22920 22596 22584
22248 21912 21588 21276
20952 20616 20268 19920
19440 19056 18672 18588
18204 17832 17472 17112
16752 16380 15996 15600
15132 14712 14304 14136
13728 13320 12924 12540
12144 11736 11328 10896
10464 10008 9576 9336
8904 8472 8052 7644
7224 6804 6372 5928
5532 5064 4608 4308
3852 3420 2988 2568
2148 1716 1272 816
468 0 -468 -828
-1284 -1716 -2148 -2580
-3000 -3432 -3864 -4320
-4620 -5076 -5544 -5940
-6384 -6816 -7236 -7656
-8064 -8484 -8916 -9348
-9588 -10020 -10476 -10908
-11340 -11748 -12144 -12552
-12936 -13332 -13740 -14148
-14316 -14724 -15144 -15612
-16008 -16380 -16764 -17124
-17484 -17844 -18216 -18600
-18684 -19056 -19440 -19932
-20280 -20628 -20952 -21288
-21600 -21924 -22260 -22596
-22608 -22932 -23268 -23748
-24060 -24348 -24636 -24924
-25188 -25464 -25740 -26028
-25968 -26232 -26520 -27000
-27240 -27480 -27720 -27948
-28152 -28380 -28596 -28824
-28692 -28896 -29112 -29568
-29760 -29928 -30108 -30288
-30432 -30588 -30756 -30912
-30708 -30840 -30996 -31416
-31536 -31644 -31764 -31872
-31956 -32052 -32148 -32244
-31968 -32028 -32112 -32496
-32544 -32580 -32628 -32676
-32700 -32724 -32748 32764
-32436 -32424 -32436 32764
-32748 -32724 -32700 -32676
-32628 -32580 -32544 -32496
-32112 -32028 -31968 -32244
-32148 -32052 -31956 -31872
-31764 -31644 -31536 -31416
-30996 -30840 -30708 -30912
-30756 -30588 -30432 -30288
-30108 -29928 -29760 -29568
-29112 -28896 -28692 -28824
-28596 -28380 -28152 -27948
-27720 -27480 -27240 -27000
-26520 -26232 -25968 -26028
-25740 -25464 -25188 -24924
-24636 -24348 -24060 -23748
-23268 -22932 -22608 -22596
-22260 -21924 -21600 -21288
-20952 -20628 -20280 -19932
-19440 -19056 -18684 -18600
-18216 -17844 -17484 -17124
-16764 -16380 -16008 -15612
-15144 -14724 -14316 -14148
-13740 -13332 -12936 -12552
-12144 -11748 -11340 -10908
-10476 -10020 -9588 -9348
-8916 -8484 -8064 -7656
-7236 -6816 -6384 -5940
-5544 -5076 -4620 -4320
-3864 -3432 -3000 -2580
-2148 -1716 -1284 -828
-468 0 468 816
1272 1716 2148 2568
2988 3420 3852 4308
4608 5064 5532 5928
6372 6804 7224 7644
8052 8472 8904 9336
9576 10008 10464 10896
11328 11736 12144 12540
12924 13320 13728 14136
14304 14712 15132 15600
15996 16380 16752 17112
17472 17832 18204 18588
18672 19056 19440 19920
20268 20616 20952 21276
21588 21912 22248 22584
22596 22920 23256 23736
24048 24336 24624 24912
25176 25452 25728 26016
25956 26220 26508 26988
27228 27468 27708 27936
28152 28368 28584 28812
28680 28884 29100 29556
29748 29916 30096 30276
30420 30576 30744 30900
30696 30828 30984 31404
31524 31632 31752 31860
31944 32040 32136 32232
31956 32016 32100 32484
32532 32568 32616 32664
32688 32712 32736 32760
32424 32412 32424 32760
32736 32712 32688 32664
32616 32568 32532 32484
32100 32016 31956 32232
32136 32040 31944 31860
31752 31632 31524 31404
30984 30828 30696 30900
30744 30576 30420 30276
30096 29916 29748 29556
29100 28884 28680 28812
28584 28368 28152 27936
27708 27468 27228 26988
26508 26220 25956 26016
25728 25452 25176 24912
24624 24336 24048 23736
23256 22920 22596 22584
22248 21912 21588 21276
20952 20616 20268 19920
19440 19056 18672 18588
18204 17832 17472 17112
16752 16380 15996 15600
15132 14712 14304 14136
13728 13320 12924 12540
12144 11736 11328 10896
10464 10008 9576 9336
8904 8472 8052 7644
7224 6804 6372 5928
5532 5064 4608 4308
3852 3420 2988 2568
2148 1716 1272 816
468 0 -468 -828
-1284 -1716 -2148 -2580
-3000 -3432 -3864 -4320
-4620 -5076 -5544 -5940
-6384 -6816 -7236 -7656
-8064 -8484 -8916 -9348
-9588 -10020 -10476 -10908
-11340 -11748 -12144 -12552
-12936 -13332 -13740 -14148
-14316 -14724 -15144 -15612
-16008 -16380 -16764 -17124
-17484 -17844 -18216 -18600
-18684 -19056 -19440 -19932
-20280 -20628 -20952 -21288
-21600 -21924 -22260 -22596
-22608 -22932 -23268 -23748
-24060 -24348 -24636 -24924
-25188 -25464 -25740 -26028
-25968 -26232 -26520 -27000
-27240 -27480 -27720 -27948
-28152 -28380 -28596 -28824
-28692 -28896 -29112 -29568
-29760 -29928 -30108 -30288
-30432 -30588 -30756 -30912
-30708 -30840 -30996 -31416
-31536 -31644 -31764 -31872
-31956 -32052 -32148 -32244
-31968 -32028 -32112 -32496
-32544 -32580 -32628 -32676
-32700 -32724 -32748 32764
-32436 -32424 -32436 32764
-32748 -32724 -32700 -32676
-32628 -32580 -32544 -32496
-32112 -32028 -31968 -32244
-32148 -32052 -31956 -31872
-31764 -31644 -31536 -31416
-30996 -30840 -30708 -30912
-30756 -30588 -30432 -30288
-30108 -29928 -29760 -29568
-29112 -28896 -28692 -28824
-28596 -28380 -28152 -27948
-27720 -27480 -27240 -27000
-26520 -26232 -25968 -26028
-25740 -25464 -25188 -24924
-24636 -24348 -24060 -23748
-23268 -22932 -22608 -22596
-22260 -21924 -21600 -21288
-20952 -20628 -20280 -19932
-19440 -19056 -18684 -18600
-18216 -17844 -17484 -17124
-16764 -16380 -16008 -15612
-15144 -14724 -14316 -14148
-13740 -13332 -12936 -12552
-12144 -11748 -11340 -10908
-10476 -10020 -9588 -9348
-8916 -8484 -8064 -7656
-7236 -6816 -6384 -5940
-5544 -5076 -4620 -4320
-3864 -3432 -3000 -2580
-2148 -1716 -1284 -828
-468 0 468 816
1272 1716 2148 2568
2988 3420 3852 4308
4608 5064 5532 5928
6372 6804 7224 7644
8052 8472 8904 9336
9576 10008 10464 10896
11328 11736 12144 12540
12924 13320 13728 14136
14304 14712 15132 15600
15996 16380 16752 17112
17472 17832 18204 18588
18672 19056 19440 19920
20268 20616 20952 21276
21588 21912 22248 22584
22596 22920 23256 23736
24048 24336 24624 24912
25176 25452 25728 26016
25956 26220 26508 26988
27228 27468 27708 27936
28152 28368 28584 28812
28680 28884 29100 29556
29748 29916 30096 30276
30420 30576 30744 30900
30696 30828 30984 31404
31524 31632 31752 31860
31944 32040 32136 32232
31956 32016 32100 32484
32532 32568 32616 32664
32688 32712 32736 32760
32424 32412 32424 32760
32736 32712 32688 32664
32616 32568 32532 32484
32100 32016 31956 32232
32136 32040 31944 31860
31752 31632 31524 31404
30984 30828 30696 30900
30744 30576 30420 30276
30096 29916 29748 29556
29100 28884 28680 28812
28584 28368 28152 27936
27708 27468 27228 26988
26508 26220 25956 26016
25728 25452 25176 24912
24624 24336 24048 23736
23256 22920 22596 22584
22248 21912 21588 21276
20952 20616 20268 19920
19440 19056 18672 18588
18204 17832 17472 17112
16752 16380 15996 15600
15132 14712 14304 14136
13728 13320 12924 12540
12144 11736 11328 10896
10464 10008 9576 9336
8904 8472 8052 7644
7224 6804 6372 5928
5532 5064 4608 4308
3852 3420 2988 2568
2148 1716 1272 816
468 0 -468 -828
-1284 -1716 -2148 -2580
-3000 -3432 -3864 -4320
-4620 -5076 -5544 -5940
-6384 -6816 -7236 -7656
-8064 -8484 -8916 -9348
-9588 -10020 -10476 -10908
-11340 -11748 -12144 -12552
-12936 -13332 -13740 -14148
-14316 -14724 -15144 -15612
-16008 -16380 -16764 -17124
-17484 -17844 -18216 -18600
-18684 -19056 -19440 -19932
-20280 -20628 -20952 -21288
-21600 -21924 -22260 -22596
-22608 -22932 -23268 -23748
-24060 -24348 -24636 -24924
-25188 -25464 -25740 -26028
-25968 -26232 -26520 -27000
-27240 -27480 -27720 -27948
-28152 -28380 -28596 -28824
-28692 -28896 -29112 -29568
-29760 -29928 -30108 -30288
-30432 -30588 -30756 -30912
-30708 -30840 -30996 -31416
-31536 -31644 -31764 -31872
-31956 -32052 -32148 -32244
-31968 -32028 -32112 -32496
-32544 -32580 -32628 -32676
-32700 -32724 -32748 32764
-32436 -32424 -32436 32764
-32748 -32724 -32700 -32676
-32628 -32580 -32544 -32496
-32112 -32028 -31968 -32244
-32148 -32052 -31956 -31872
-31764 -31644 -31536 -31416
-30996 -30840 -30708 -30912
-30756 -30588 -30432 -30288
-30108 -29928 -29760 -29568
-29112 -28896 -28692 -28824
-28596 -28380 -28152 -27948
-27720 -27480 -27240 -27000
-26520 -26232 -25968 -26028
-25740 -25464 -25188 -24924
-24636 -24348 -24060 -23748
-23268 -22932 -22608 -22596
-22260 -21924 -21600 -21288
-20952 -20628 -20280 -19932
-19440 -19056 -18684 -18600
-18216 -17844 -17484 -17124
-16764 -16380 -16008 -15612
-15144 -14724 -14316 -14148
-13740 -13332 -12936 -12552
-12144 -11748 -11340 -10908
-10476 -10020 -9588 -9348
-8916 -8484 -8064 -7656
-7236 -6816 -6384 -5940
-5544 -5076 -4620 -4320
-3864 -3432 -3000 -2580
-2148 -1716 -1284 -828
-468 0 468 816
1272 1716 2148 2568
2988 3420 3852 4308
4608 5064 5532 5928
6372 6804 7224 7644
8052 8472 8904 9336
9576 10008 10464 10896
11328 11736 12144 12540
12924 13320 13728 14136
14304 14712 15132 15600
15996 16380 16752 17112
17472 17832 18204 18588
18672 19056 19440 19920
20268 20616 20952 21276
21588 21912 22248 22584
22596 22920 23256 23736
24048 24336 24624 24912
25176 25452 25728 26016
25956 26220 26508 26988
27228 27468 27708 27936
28152 28368 28584 28812
28680 28884 29100 29556
29748 29916 30096 30276
30420 30576 30744 30900
30696 30828 30984 31404
31524 31632 31752 31860
31944 32040 32136 32232
31956 32016 32100 32484
32532 32568 32616 32664
32688 32712 32736 32760
32424 32412 32424 32760
32736 32712 32688 32664
32616 32568 32532 32484
32100 32016 31956 32232
32136 32040 31944 31860
31752 31632 31524 31404
30984 30828 30696 30900
30744 30576 30420 30276
30096 29916 29748 29556
29100 28884 28680 28812
28584 28368 28152 27936
27708 27468 27228 26988
26508 26220 25956 26016
25728 25452 25176 24912
24624 24336 24048 23736
23256 22920 22596 22584
22248 21912 21588 21276
20952 20616 20268 19920
19440 19056 18672 18588
18204 17832 17472 17112
16752 16380 15996 15600
15132 14712 14304 14136
13728 13320 12924 12540
12144 11736 11328 10896
10464 10008 9576 9336
8904 8472 8052 7644
7224 6804 6372 5928
5532 5064 4608 4308
3852 3420 2988 2568
2148 1716 1272 816
468 0 -468 -828
-1284 -1716 -2148 -2580
-3000 -3432 -3864 -4320
-4620 -5076 -5544 -5940
-6384 -6816 -7236 -7656
-8064 -8484 -8916 -9348
-9588 -10020 -10476 -10908
-11340 -11748 -12144 -12552
-12936 -13332 -13740 -14148
-14316 -14724 -15144 -15612
-16008 -16380 -16764 -17124
-17484 -17844 -18216 -18600
-18684 -19056 -19440 -19932
-20280 -20628 -20952 -21288
-21600 -21924 -22260 -22596
-22608 -22932 -23268 -23748
-24060 -24348 -24636 -24924
-25188 -25464 -25740 -26028
-25968 -26232 -26520 -27000
-27240 -27480 -27720 -27948
-28152 -28380 -28596 -28824
-28692 -28896 -29112 -29568
-29760 -29928 -30108 -30288
-30432 -30588 -30756 -30912
-30708 -30840 -30996 -31416
-31536 -31644 -31764 -31872
-31956 -32052 -32148 -32244
-31968 -32028 -32112 -32496
-32544 -32580 -32628 -32676
-32700 -32724 -32748 32764
-32436 -32424 -32436 32764
-32748 -32724 -32700 -32676
-32628 -32580 -32544 -32496
-32112 -32028 -31968 -32244
-32148 -32052 -31956 -31872
-31764 -31644 -31536 -31416
-30996 -30840 -30708 -30912
-30756 -30588 -30432 -30288
-30108 -29928 -29760 -29568
-29112 -28896 -28692 -28824
-28596 -28380 -28152 -27948
-27720 -27480 -27240 -27000
-26520 -26232 -25968 -26028
-25740 -25464 -25188 -24924
-24636 -24348 -24060 -23748
-23268 -22932 -22608 -22596
-22260 -21924 -21600 -21288
-20952 -20628 -20280 -19932
-19440 -19056 -18684 -18600
-18216 -17844 -17484 -17124
-16764 -16380 -16008 -15612
-15144 -14724 -14316 -14148
-13740 -13332 -12936 -12552
-12144 -11748 -11340 -10908
-10476 -10020 -9588 -9348
-8916 -8484 -8064 -7656
-7236 -6816 -6384 -5940
-5544 -5076 -4620 -4320
-3864 -3432 -3000 -2580
-2148 -1716 -1284 -828
-468 0 468 816
1272 1716 2148 2568
2988 3420 3852 4308
4608 5064 5532 5928
6372 6804 7224 7644
8052 8472 8904 9336
9576 10008 10464 10896
11328 11736 12144 12540
12924 13320 13728 14136
14304 14712 15132 15600
15996 16380 16752 17112
17472 17832 18204 18588
18672 19056 19440 19920
20268 20616 20952 21276
21588 21912 22248 22584
22596 22920 23256 23736
24048 24336 24624 24912
25176 25452 25728 26016
25956 26220 26508 26988
27228 27468 27708 27936
28152 28368 28584 28812
28680 28884 29100 29556
29748 29916 30096 30276
30420 30576 30744 30900
30696 30828 30984 31404
31524 31632 31752 31860
31944 32040 32136 32232
31956 32016 32100 32484
32532 32568 32616 32664
32688 32712 32736 32760
32424 32412 32424 32760
32736 32712 32688 32664
32616 32568 32532 32484
32100 32016 31956 32232
32136 32040 31944 31860
31752 31632 31524 31404
30984 30828 30696 30900
30744 30576 30420 30276
30096 29916 29748 29556
29100 28884 28680 28812
28584 28368 28152 27936
27708 27468 27228 26988
26508 26220 25956 26016
25728 25452 25176 24912
24624 24336 24048 23736
23256 22920 22596 22584
22248 21912 21588 21276
20952 20616 20268 19920
19440 19056 18672 18588
18204 17832 17472 17112
16752 16380 15996 15600
15132 14712 14304 14136
13728 13320 12924 12540
12144 11736 11328 10896
10464 10008 9576 9336
8904 8472 8052 7644
7224 6804 6372 5928
5532 5064 4608 4308
3852 3420 2988 2568
2148 1716 1272 816
468 0 -468 -828
-1284 -1716 -2148 -2580
-3000 -3432 -3864 -4320
-4620 -5076 -5544 -5940
-6384 -6816 -7236 -7656
-8064 -8484 -8916 -9348
-9588 -10020 -10476 -10908
-11340 -11748 -12144 -12552
-12936 -13332 -13740 -14148
-14316 -14724 -15144 -15612
-16008 -16380 -16764 -17124
-17484 -17844 -18216 -18600
-18684 -19056 -19440 -19932
-20280 -20628 -20952 -21288
-21600 -21924 -22260 -22596
-22608 -22932 -23268 -23748
-24060 -24348 -24636 -24924
-25188 -25464 -25740 -26028
-25968 -26232 -26520 -27000
-27240 -27480 -27720 -27948
-28152 -28380 -28596 -28824
-28692 -28896 -29112 -29568
-29760 -29928 -30108 -30288
-30432 -30588 -30756 -30912
-30708 -30840 -30996 -31416
-31536 -31644 -31764 -31872
-31956 -32052 -32148 -32244
-31968 -32028 -32112 -32496
-32544 -32580 -32628 -32676
-32700 -32724 -32748 32764
-32436 -32424 -32436 32764
-32748 -32724 -32700 -32676
-32628 -32580 -32544 -32496
-32112 -32028 -31968 -32244
-32148 -32052 -31956 -31872
-31764 -31644 -31536 -31416
-30996 -30840 -30708 -30912
-30756 -30588 -30432 -30288
-30108 -29928 -29760 -29568
-29112 -28896 -28692 -28824
-28596 -28380 -28152 -27948
-27720 -27480 -27240 -27000
-26520 -26232 -25968 -26028
-25740 -25464 -25188 -24924
-24636 -24348 -24060 -23748
-23268 -22932 -22608 -22596
-22260 -21924 -21600 -21288
-20952 -20628 -20280 -19932
-19440 -19056 -18684 -18600
-18216 -17844 -17484 -17124
-16764 -16380 -16008 -15612
-15144 -14724 -14316 -14148
-13740 -13332 -12936 -12552
-12144 -11748 -11340 -10908
-10476 -10020 -9588 -9348
-8916 -8484 -8064 -7656
-7236 -6816 -6384 -5940
-5544 -5076 -4620 -4320
-3864 -3432 -3000 -2580
-2148 -1716 -1284 -828
-468 0 468 816
1272 1716 2148 2568
2988 3420 3852 4308
4608 5064 5532 5928
6372 6804 7224 7644
8052 8472 8904 9336
9576 10008 10464 10896
11328 11736 12144 12540
12924 13320 13728 14136
14304 14712 15132 15600
15996 16380 16752 17112
17472 17832 18204 18588
18672 19056 19440 19920
20268 20616 20952 21276
21588 21912 22248 22584
22596 22920 23256 23736
24048 24336 24624 24912
25176 25452 25728 26016
25956 26220 26508 26988
27228 27468 27708 27936
28152 28368 28584 28812
28680 28884 29100 29556
29748 29916 30096 30276
30420 30576 30744 30900
30696 30828 30984 31404
31524 31632 31752 31860
31944 32040 32136 32232
31956 32016 32100 32484
32532 32568 32616 32664
32688 32712 32736 32760
32424 32412 32424 32760
32736 32712 32688 32664
32616 32568 32532 32484
32100 32016 31956 32232
32136 32040 31944 31860
31752 31632 31524 31404
30984 30828 30696 30900
30744 30576 30420 30276
30096 29916 29748 29556
29100 28884 28680 28812
28584 28368 28152 27936
27708 27468 27228 26988
26508 26220 25956 26016
25728 25452 25176 24912
24624 24336 24048 23736
23256 22920 22596 22584
22248 21912 21588 21276
20952 20616 20268 19920
19440 19056 18672 18588
18204 17832 17472 17112
16752 16380 15996 15600
15132 14712 14304 14136
13728 13320 12924 12540
12144 11736 11328 10896
10464 10008 9576 9336
8904 8472 8052 7644
7224 6804 6372 5928
5532 5064 4608 4308
3852 3420 2988 2568
2148 1716 1272 816
468 0 -468 -828
-1284 -1716 -2148 -2580
-3000 -3432 -3864 -4320
-4620 -5076 -5544 -5940
-6384 -6816 -7236 -7656
-8064 -8484 -8916 -9348
-9588 -10020 -10476 -10908
-11340 -11748 -12144 -12552
-12936 -13332 -13740 -14148
-14316 -14724 -15144 -15612
-16008 -16380 -16764 -17124
-17484 -17844 -18216 -18600
-18684 -19056 -19440 -19932
-20280 -20628 -20952 -21288
-21600 -21924 -22260 -22596
-22608 -22932 -23268 -23748
-24060 -24348 -24636 -24924
-25188 -25464 -25740 -26028
-25968 -26232 -26520 -27000
-27240 -27480 -27720 -27948
-28152 -28380 -28596 -28824
-28692 -28896 -29112 -29568
-29760 -29928 -30108 -30288
-30432 -30588 -30756 -30912
-30708 -30840 -30996 -31416
-31536 -31644 -31764 -31872
-31956 -32052 -32148 -32244
-31968 -32028 -32112 -32496
-32544 -32580 -32628 -32676
-32700 -32724 -32748 32764
-32436 -32424 -32436 32764
-32748 -32724 -32700 -32676
-32628 -32580 -32544 -32496
-32112 -32028 -31968 -32244
-32148 -32052 -31956 -31872
-31764 -31644 -31536 -31416
-30996 -30840 -30708 -30912
-30756 -30588 -30432 -30288
-30108 -29928 -29760 -29568
-29112 -28896 -28692 -28824
-28596 -28380 -28152 -27948
-27720 -27480 -27240 -27000
-26520 -26232 -25968 -26028
-25740 -25464 -25188 -24924
-24636 -24348 -24060 -23748
-23268 -22932 -22608 -22596
-22260 -21924 -21600 -21288
-20952 -20628 -20280 -19932
-19440 -19056 -18684 -18600
-18216 -17844 -17484 -17124
-16764 -16380 -16008 -15612
-15144 -14724 -14316 -14148
-13740 -13332 -12936 -12552
-12144 -11748 -11340 -10908
-10476 -10020 -9588 -9348
-8916 -8484 -8064 -7656
-7236 -6816 -6384 -5940
-5544 -5076 -4620 -4320
-3864 -3432 -3000 -2580
-2148 -1716 -1284 -828
-468 0 468 816
1272 1716 2148 2568
2988 3420 3852 4308
4608 5064 5532 5928
6372 6804 7224 7644
8052 8472 8904 9336
9576 10008 10464 10896
11328 11736 12144 12540
12924 13320 13728 14136
14304 14712 15132 15600
15996 16380 16752 17112
17472 17832 18204 18588
18672 19056 19440 19920
20268 20616 20952 21276
21588 21912 22248 22584
22596 22920 23256 23736
24048 24336 24624 24912
25176 25452 25728 26016
25956 26220 26508 26988
27228 27468 27708 27936
28152 28368 28584 28812
28680 28884 29100 29556
29748 29916 30096 30276
30420 30576 30744 30900
30696 30828 30984 31404
31524 31632 31752 31860
31944 32040 32136 32232
31956 32016 32100 32484
32532 32568 32616 32664
32688 32712 32736 32760
32424 32412 32424 32760
32736 32712 32688 32664
32616 32568 32532 32484
32100 32016 31956 32232
32136 32040 31944 31860
31752 31632 31524 31404
30984 30828 30696 30900
30744 30576 30420 30276
30096 29916 29748 29556
29100 28884 28680 28812
28584 28368 28152 27936
27708 27468 27228 26988
26508 26220 25956 26016
25728 25452 25176 24912
24624 24336 24048 23736
23256 22920 22596 22584
22248 21912 21588 21276
20952 20616 20268 19920
19440 19056 18672 18588
18204 17832 17472 17112
16752 16380 15996 15600
15132 14712 14304 14136
13728 13320 12924 12540
12144 11736 11328 10896
10464 10008 9576 9336
8904 8472 8052 7644
7224 6804 6372 5928
5532 5064 4608 4308
3852 3420 2988 2568
2148 1716 1272 816
468 0 -468 -828
-1284 -1716 -2148 -2580
-3000 -3432 -3864 -4320
-4620 -5076 -5544 -5940
-6384 -6816 -7236 -7656
-8064 -8484 -8916 -9348
-9588 -10020 -10476 -10908
-11340 -11748 -12144 -12552
-12936 -13332 -13740 -14148
-14316 -14724 -15144 -15612
-16008 -16380 -16764 -17124
-17484 -17844 -18216 -18600
-18684 -19056 -19440 -19932
-20280 -20628 -20952 -21288
-21600 -21924 -22260 -22596
-22608 -22932 -23268 -23748
-24060 -24348 -24636 -24924
-25188 -25464 -25740 -26028
-25968 -26232 -26520 -27000
-27240 -27480 -27720 -27948
-28152 -28380 -28596 -28824
-28692 -28896 -29112 -29568
-29760 -29928 -30108 -30288
-30432 -30588 -30756 -30912
-30708 -30840 -30996 -31416
-31536 -31644 -31764 -31872
-31956 -32052 -32148 -32244
-31968 -32028 -32112 -32496
-32544 -32580 -32628 -32676
-32700 -32724 -32748 32764
-32436 -32424 -32436 32764
-32748 -32724 -32700 -32676
-32628 -32580 -32544 -32496
-32112 -32028 -31968 -32244
-32148 -32052 -31956 -31872
-31764 -31644 -31536 -31416
-30996 -30840 -30708 -30912
-30756 -30588 -30432 -30288
-30108 -29928 -29760 -29568
-29112 -28896 -28692 -28824
-28596 -28380 -28152 -27948
-27720 -27480 -27240 -27000
-26520 -26232 -25968 -26028
-25740 -25464 -25188 -24924
-24636 -24348 -24060 -23748
-23268 -22932 -22608 -22596
-22260 -21924 -21600 -21288
-20952 -20628 -20280 -19932
-19440 -19056 -18684 -18600
-18216 -17844 -17484 -17124
-16764 -16380 -16008 -15612
-15144 -14724 -14316 -14148
-13740 -13332 -12936 -12552
-12144 -11748 -11340 -10908
-10476 -10020 -9588 -9348
-8916 -8484 -8064 -7656
-7236 -6816 -6384 -5940
-5544 -5076 -4620 -4320
-3864 -3432 -3000 -2580
-2148 -1716 -1284 -828
-468 0 468 816
1272 1716 2148 2568
2988 3420 3852 4308
4608 5064 5532 5928
6372 6804 7224 7644
8052 8472 8904 9336
9576 10008 10464 10896
11328 11736 12144 12540
12924 13320 13728 14136
14304 14712 15132 15600
15996 16380 16752 17112
17472 17832 18204 18588
18672 19056 19440 19920
20268 20616 20952 21276
21588 21912 22248 22584
22596 22920 23256 23736
24048 24336 24624 24912
25176 25452 25728 26016
25956 26220 26508 26988
27228 27468 27708 27936
28152 28368 28584 28812
28680 28884 29100 29556
29748 29916 30096 30276
30420 30576 30744 30900
30696 30828 30984 31404
31524 31632 31752 31860
31944 32040 32136 32232
31956 32016 32100 32484
32532 32568 32616 32664
32688 32712 32736 32760
32424 32412 32424 32760
32736 32712 32688 32664
32616 32568 32532 32484
32100 32016 31956 32232
32136 32040 31944 31860
31752 31632 31524 31404
30984 30828 30696 30900
30744 30576 30420 30276
30096 29916 29748 29556
29100 28884 28680 28812
28584 28368 28152 27936
27708 27468 27228 26988
26508 26220 25956 26016
25728 25452 25176 24912
24624 24336 24048 23736
23256 22920 22596 22584
22248 21912 21588 21276
20952 20616 20268 19920
19440 19056 18672 18588
18204 17832 17472 17112
16752 16380 15996 15600
15132 14712 14304 14136
13728 13320 12924 12540
12144 11736 11328 10896
10464 10008 9576 9336
8904 8472 8052 7644
7224 6804 6372 5928
5532 5064 4608 4308
3852 3420 2988 2568
2148 1716 1272 816
468 0 -468 -828
-1284 -1716 -2148 -2580
-3000 -3432 -3864 -4320
-4620 -5076 -5544 -5940
-6384 -6816 -7236 -7656
-8064 -8484 -8916 -9348
-9588 -10020 -10476 -10908
-11340 -11748 -12144 -12552
-12936 -13332 -13740 -14148
-14316 -14724 -15144 -15612
-16008 -16380 -16764 -17124
-17484 -17844 -18216 -18600
-18684 -19056 -19440 -19932
-20280 -20628 -20952 -21288
-21600 -21924 -22260 -22596
-22608 -22932 -23268 -23748
-24060 -24348 -24636 -24924
-25188 -25464 -25740 -26028
-25968 -26232 -26520 -27000
-27240 -27480 -27720 -27948
-28152 -28380 -28596 -28824
-28692 -28896 -29112 -29568
-29760 -29928 -30108 -30288
-30432 -30588 -30756 -30912
-30708 -30840 -30996 -31416
-31536 -31644 -31764 -31872
-31956 -32052 -32148 -32244
-31968 -32028 -32112 -32496
-32544 -32580 -32628 -32676
-32700 -32724 -32748 32764
-32436 -32424 -32436 32764
-32748 -32724 -32700 -32676
-32628 -32580 -32544 -32496
-32112 -32028 -31968 -32244
-32148 -32052 -31956 -31872
-31764 -31644 -31536 -31416
-30996 -30840 -30708 -30912
-30756 -30588 -30432 -30288
-30108 -29928 -29760 -29568
-29112 -28896 -28692 -28824
-28596 -28380 -28152 -27948
-27720 -27480 -27240 -27000
-26520 -26232 -25968 -26028
-25740 -25464 -25188 -24924
-24636 -24348 -24060 -23748
-23268 -22932 -22608 -22596
-22260 -21924 -21600 -21288
-20952 -20628 -20280 -19932
-19440 -19056 -18684 -18600
-18216 -17844 -17484 -17124
-16764 -16380 -16008 -15612
-15144 -14724 -14316 -14148
-13740 -13332 -12936 -12552
-12144 -11748 -11340 -10908
-10476 -10020 -9588 -9348
-8916 -8484 -8064 -7656
-7236 -6816 -6384 -5940
-5544 -5076 -4620 -4320
-3864 -3432 -3000 -2580
-2148 -1716 -1284 -828
-468 0 468 816
1272 1716 2148 2568
2988 3420 3852 4308
4608 5064 5532 5928
6372 6804 7224 7644
8052 8472 8904 9336
9576 10008 10464 10896
11328 11736 12144 12540
12924 13320 13728 14136
14304 14712 15132 15600
15996 16380 16752 17112
17472 17832 18204 18588
18672 19056 19440 19920
20268 20616 20952 21276
21588 21912 22248 22584
22596 22920 23256 23736
24048 24336 24624 24912
25176 25452 25728 26016
25956 26220 26508 26988
27228 27468 27708 27936
28152 28368 28584 28812
28680 28884 29100 29556
29748 29916 30096 30276
30420 30576 30744 30900
30696 30828 30984 31404
31524 31632 31752 31860
31944 32040 32136 32232
31956 32016 32100 32484
32532 32568 32616 32664
32688 32712 32736 32760
32424 32412 32424 32760
32736 32712 32688 32664
32616 32568 32532 32484
32100 32016 31956 32232
32136 32040 31944 31860
31752 31632 31524 31404
30984 30828 30696 30900
30744 30576 30420 30276
30096 29916 29748 29556
29100 28884 28680 28812
28584 28368 28152 27936
27708 27468 27228 26988
26508 26220 25956 26016
25728 25452 25176 24912
24624 24336 24048 23736
23256 22920 22596 22584
22248 21912 21588 21276
20952 20616 20268 19920
19440 19056 18672 18588
18204 17832 17472 17112
16752 16380 15996 15600
15132 14712 14304 14136
13728 13320 12924 12540
12144 11736 11328 10896
10464 10008 9576 9336
8904 8472 8052 7644
7224 6804 6372 5928
5532 5064 4608 4308
3852 3420 2988 2568
2148 1716 1272 816
468 0 -468 -828
-1284 -1716 -2148 -2580
-3000 -3432 -3864 -4320
-4620 -5076 -5544 -5940
-6384 -6816 -7236 -7656
-8064 -8484 -8916 -9348
-9588 -10020 -10476 -10908
-11340 -11748 -12144 -12552
-12936 -13332 -13740 -14148
-14316 -14724 -15144 -15612
-16008 -16380 -16764 -17124
-17484 -17844 -18216 -18600
-18684 -19056 -19440 -19932
-20280 -20628 -20952 -21288
-21600 -21924 -22260 -22596
-22608 -22932 -23268 -23748
-24060 -24348 -24636 -24924
-25188 -25464 -25740 -26028
-25968 -26232 -26520 -27000
-27240 -27480 -27720 -27948
-28152 -28380 -28596 -28824
-28692 -28896 -29112 -29568
-29760 -29928 -30108 -30288
-30432 -30588 -30756 -30912
-30708 -30840 -30996 -31416
-31536 -31644 -31764 -31872
-31956 -32052 -32148 -32244
-31968 -32028 -32112 -32496
-32544 -32580 -32628 -32676
-32700 -32724 -32748 32764
-32436 -32424 -32436 32764
-32748 -32724 -32700 -32676
-32628 -32580 -32544 -32496
-32112 -32028 -31968 -32244
-32148 -32052 -31956 -31872
-31764 -31644 -31536 -31416
-30996 -30840 -30708 -30912
-30756 -30588 -30432 -30288
-30108 -29928 -29760 -29568
-29112 -28896 -28692 -28824
-28596 -28380 -28152 -27948
-27720 -27480 -27240 -27000
-26520 -26232 -25968 -26028
-25740 -25464 -25188 -24924
-24636 -24348 -24060 -23748
-23268 -22932 -22608 -22596
-22260 -21924 -21600 -21288
-20952 -20628 -20280 -19932
-19440 -19056 -18684 -18600
-18216 -17844 -17484 -17124
-16764 -16380 -16008 -15612
-15144 -14724 -14316 -14148
-13740 -13332 -12936 -12552
-12144 -11748 -11340 -10908
-10476 -10020 -9588 -9348
-8916 -8484 -8064 -7656
-7236 -6816 -6384 -5940
-5544 -5076 -4620 -4320
-3864 -3432 -3000 -2580
-2148 -1716 -1284 -828
-468 0 468 816
1272 1716 2148 2568
2988 3420 3852 4308
4608 5064 5532 5928
6372 6804 7224 7644
8052 8472 8904 9336
9576 10008 10464 10896
11328 11736 12144 12540
12924 13320 13728 14136
14304 14712 15132 15600
15996 16380 16752 17112
17472 17832 18204 18588
18672 19056 19440 19920
20268 20616 20952 21276
21588 21912 22248 22584
22596 22920 23256 23736
24048 24336 24624 24912
25176 25452 25728 26016
25956 26220 26508 26988
27228 27468 27708 27936
28152 28368 28584 28812
28680 28884 29100 29556
29748 29916 30096 30276
30420 30576 30744 30900
30696 30828 30984 31404
31524 31632 31752 31860
31944 32040 32136 32232
31956 32016 32100 32484
32532 32568 32616 32664
32688 32712 32736 32760
32424 32412 32424 32760
32736 32712 32688 32664
32616 32568 32532 32484
32100 32016 31956 32232
32136 32040 31944 31860
31752 31632 31524 31404
30984 30828 30696 30900
30744 30576 30420 30276
30096 29916 29748 29556
29100 28884 28680 28812
28584 28368 28152 27936
27708 27468 27228 26988
26508 26220 25956 26016
25728 25452 25176 24912
24624 24336 24048 23736
23256 22920 22596 22584
22248 21912 21588 21276
20952 20616 20268 19920
19440 19056 18672 18588
18204 17832 17472 17112
16752 16380 15996 15600
15132 14712 14304 14136
13728 13320 12924 12540
12144 11736 11328 10896
10464 10008 9576 9336
8904 8472 8052 7644
7224 6804 6372 5928
5532 5064 4608 4308
3852 3420 2988 2568
2148 1716 1272 816
468 0 -468 -828
-1284 -1716 -2148 -2580
-3000 -3432 -3864 -4320
-4620 -5076 -5544 -5940
-6384 -6816 -7236 -7656
-8064 -8484 -8916 -9348
-9588 -10020 -10476 -10908
-11340 -11748 -12144 -12552
-12936 -13332 -13740 -14148
-14316 -14724 -15144 -15612
-16008 -16380 -16764 -17124
-17484 -17844 -18216 -18600
-18684 -19056 -19440 -19932
-20280 -20628 -20952 -21288
-21600 -21924 -22260 -22596
-22608 -22932 -23268 -23748
-24060 -24348 -24636 -24924
-25188 -25464 -25740 -26028
-25968 -26232 -26520 -27000
-27240 -27480 -27720 -27948
-28152 -28380 -28596 -28824
-28692 -28896 -29112 -29568
-29760 -29928 -30108 -30288
-30432 -30588 -30756 -30912
-30708 -30840 -30996 -31416
-31536 -31644 -31764 -31872
-31956 -32052 -32148 -32244
-31968 -32028 -32112 -32496
-32544 -32580 -32628 -32676
-32700 -32724 -32748 32764
-32436 -32424 -32436 32764
-32748 -32724 -32700 -32676
-32628 -32580 -32544 -32496
-32112 -32028 -31968 -32244
-32148 -32052 -31956 -31872
-31764 -31644 -31536 -31416
-30996 -30840 -30708 -30912
-30756 -30588 -30432 -30288
-30108 -29928 -29760 -29568
-29112 -28896 -28692 -28824
-28596 -28380 -28152 -27948
-27720 -27480 -27240 -27000
-26520 -26232 -25968 -26028
-25740 -25464 -25188 -24924
-24636 -24348 -24060 -23748
-23268 -22932 -22608 -22596
-22260 -21924 -21600 -21288
-20952 -20628 -20280 -19932
-19440 -19056 -18684 -18600
-18216 -17844 -17484 -17124
-16764 -16380 -16008 -15612
-15144 -14724 -14316 -14148
-13740 -13332 -12936 -12552
-12144 -11748 -11340 -10908
-10476 -10020 -9588 -9348
-8916 -8484 -8064 -7656
-7236 -6816 -6384 -5940
-5544 -5076 -4620 -4320
-3864 -3432 -3000 -2580
-2148 -1716 -1284 -828
-468 0 468 816
1272 1716 2148 2568
2988 3420 3852 4308
4608 5064 5532 5928
6372 6804 7224 7644
8052 8472 8904 9336
9576 10008 10464 10896
11328 11736 12144 12540
12924 13320 13728 14136
14304 14712 15132 15600
15996 16380 16752 17112
17472 17832 18204 18588
18672 19056 19440 19920
20268 20616 20952 21276
21588 21912 22248 22584
22596 22920 23256 23736
24048 24336 24624 24912
25176 25452 25728 26016
25956 26220 26508 26988
27228 27468 27708 27936
28152 28368 28584 28812
28680 28884 29100 29556
29748 29916 30096 30276
30420 30576 30744 30900
30696 30828 30984 31404
31524 31632 31752 31860
31944 32040 32136 32232
31956 32016 32100 32484
32532 32568 32616 32664
32688 32712 32736 32760
32424 32412 32424 32760
32736 32712 32688 32664
32616 32568 32532 32484
32100 32016 31956 32232
32136 32040 31944 31860
31752 31632 31524 31404
30984 30828 30696 30900
30744 30576 30420 30276
30096 29916 29748 29556
29100 28884 28680 28812
28584 28368 28152 27936
27708 27468 27228 26988
26508 26220 25956 26016
25728 25452 25176 24912
24624 24336 24048 23736
23256 22920 22596 22584
22248 21912 21588 21276
20952 20616 20268 19920
19440 19056 18672 18588
18204 17832 17472 17112
16752 16380 15996 15600
15132 14712 14304 14136
13728 13320 12924 12540
12144 11736 11328 10896
10464 10008 9576 9336
8904 8472 8052 7644
7224 6804 6372 5928
5532 5064 4608 4308
3852 3420 2988 2568
2148 1716 1272 816
468 0 -468 -828
-1284 -1716 -2148 -2580
-3000 -3432 -3864 -4320
-4620 -5076 -5544 -5940
-6384 -6816 -7236 -7656
-8064 -8484 -8916 -9348
-9588 -10020 -10476 -10908
-11340 -11748 -12144 -12552
-12936 -13332 -13740 -14148
-14316 -14724 -15144 -15612
-16008 -16380 -16764 -17124
-17484 -17844 -18216 -18600
-18684 -19056 -19440 -19932
-20280 -20628 -20952 -21288
-21600 -21924 -22260 -22596
-22608 -22932 -23268 -23748
-24060 -24348 -24636 -24924
-25188 -25464 -25740 -26028
-25968 -26232 -26520 -27000
-27240 -27480 -27720 -27948
-28152 -28380 -28596 -28824
-28692 -28896 -29112 -29568
-29760 -29928 -30108 -30288
-30432 -30588 -30756 -30912
-30708 -30840 -30996 -31416
-31536 -31644 -31764 -31872
-31956 -32052 -32148 -32244
-31968 -32028 -32112 -32496
-32544 -32580 -32628 -32676
-32700 -32724 -32748 32764
-32436 -32424 -32436 32764
-32748 -32724 -32700 -32676
-32628 -32580 -32544 -32496
-32112 -32028 -31968 -32244
-32148 -32052 -31956 -31872
-31764 -31644 -31536 -31416
-30996 -30840 -30708 -30912
-30756 -30588 -30432 -30288
-30108 -29928 -29760 -29568
-29112 -28896 -28692 -28824
-28596 -28380 -28152 -27948
-27720 -27480 -27240 -27000
-26520 -26232 -25968 -26028
-25740 -25464 -25188 -24924
-24636 -24348 -24060 -23748
-23268 -22932 -22608 -22596
-22260 -21924 -21600 -21288
-20952 -20628 -20280 -19932
-19440 -19056 -18684 -18600
-18216 -17844 -17484 -17124
-16764 -16380 -16008 -15612
-15144 -14724 -14316 -14148
-13740 -13332 -12936 -12552
-12144 -11748 -11340 -10908
-10476 -10020 -9588 -9348
-8916 -8484 -8064 -7656
-7236 -6816 -6384 -5940
-5544 -5076 -4620 -4320
-3864 -3432 -3000 -2580
-2148 -1716 -1284 -828
-468 0 468 816
1272 1716 2148 2568
2988 3420 3852 4308
4608 5064 5532 5928
6372 6804 7224 7644
8052 8472 8904 9336
9576 10008 10464 10896
11328 11736 12144 12540
12924 13320 13728 14136
14304 14712 15132 15600
15996 16380 16752 17112
17472 17832 18204 18588
18672 19056 19440 19920
20268 20616 20952 21276
21588 21912 22248 22584
22596 22920 23256 23736
24048 24336 24624 24912
25176 25452 25728 26016
25956 26220 26508 26988
27228 27468 27708 27936
28152 28368 28584 28812
28680 28884 29100 29556
29748 29916 30096 30276
30420 30576 30744 30900
30696 30828 30984 31404
31524 31632 31752 31860
31944 32040 32136 32232
31956 32016 32100 32484
32532 32568 32616 32664
32688 32712 32736 32760
32424 32412 32424 32760
32736 32712 32688 32664
32616 32568 32532 32484
32100 32016 31956 32232
32136 32040 31944 31860
31752 31632 31524 31404
30984 30828 30696 30900
30744 30576 30420 30276
30096 29916 29748 29556
29100 28884 28680 28812
28584 28368 28152 27936
27708 27468 27228 26988
26508 26220 25956 26016
25728 25452 25176 24912
24624 24336 24048 23736
23256 22920 22596 22584
22248 21912 21588 21276
20952 20616 20268 19920
19440 19056 18672 18588
18204 17832 17472 17112
16752 16380 15996 15600
15132 14712 14304 14136
13728 13320 12924 12540
12144 11736 11328 10896
10464 10008 9576 9336
8904 8472 8052 7644
7224 6804 6372 5928
5532 5064 4608 4308
3852 3420 2988 2568
2148 1716 1272 816
468 0 -468 -828
-1284 -1716 -2148 -2580
-3000 -3432 -3864 -4320
-4620 -5076 -5544 -5940
-6384 -6816 -7236 -7656
-8064 -8484 -8916 -9348
-9588 -10020 -10476 -10908
-11340 -11748 -12144 -12552
-12936 -13332 -13740 -14148
-14316 -14724 -15144 -15612
-16008 -16380 -16764 -17124
-17484 -17844 -18216 -18600
-18684 -19056 -19440 -19932
-20280 -20628 -20952 -21288
-21600 -21924 -22260 -22596
-22608 -22932 -23268 -23748
-24060 -24348 -24636 -24924
-25188 -25464 -25740 -26028
-25968 -26232 -26520 -27000
-27240 -27480 -27720 -27948
-28152 -28380 -28596 -28824
-28692 -28896 -29112 -29568
-29760 -29928 -30108 -30288
-30432 -30588 -30756 -30912
-30708 -30840 -30996 -31416
-31536 -31644 -31764 -31872
-31956 -32052 -32148 -32244
-31968 -32028 -32112 -32496
-32544 -32580 -32628 -32676
-32700 -32724 -32748 32764
-32436 -32424 -32436 32764
-32748 -32724 -32700 -32676
-32628 -32580 -32544 -32496
-32112 -32028 -31968 -32244
-32148 -32052 -31956 -31872
-31764 -31644 -31536 -31416
-30996 -30840 -30708 -30912
-30756 -30588 -30432 -30288
-30108 -29928 -29760 -29568
-29112 -28896 -28692 -28824
-28596 -28380 -28152 -27948
-27720 -27480 -27240 -27000
-26520 -26232 -25968 -26028
-25740 -25464 -25188 -24924
-24636 -24348 -24060 -23748
-23268 -22932 -22608 -22596
-22260 -21924 -21600 -21288
-20952 -20628 -20280 -19932
-19440 -19056 -18684 -18600
-18216 -17844 -17484 -17124
-16764 -16380 -16008 -15612
-15144 -14724 -14316 -14148
-13740 -13332 -12936 -12552
-12144 -11748 -11340 -10908
-10476 -10020 -9588 -9348
-8916 -8484 -8064 -7656
-7236 -6816 -6384 -5940
-5544 -5076 -4620 -4320
-3864 -3432 -3000 -2580
-2148 -1716 -1284 -828
-468 0 468 816
1272 1716 2148 2568
2988 3420 3852 4308
4608 5064 5532 5928
6372 6804 7224 7644
8052 8472 8904 9336
9576 10008 10464 10896
11328 11736 12144 12540
12924 13320 13728 14136
14304 14712 15132 15600
15996 16380 16752 17112
17472 17832 18204 18588
18672 19056 19440 19920
20268 20616 20952 21276
21588 21912 22248 22584
22596 22920 23256 23736
24048 24336 24624 24912
25176 25452 25728 26016
25956 26220 26508 26988
27228 27468 27708 27936
28152 28368 28584 28812
28680 28884 29100 29556
29748 29916 30096 30276
30420 30576 30744 30900
30696 30828 30984 31404
31524 31632 31752 31860
31944 32040 32136 32232
31956 32016 32100 32484
32532 32568 32616 32664
32688 32712 32736 32760
32424 32412 32424 32760
32736 32712 32688 32664
32616 32568 32532 32484
32100 32016 31956 32232
32136 32040 31944 31860
31752 31632 31524 31404
30984 30828 30696 30900
30744 30576 30420 30276
30096 29916 29748 29556
29100 28884 28680 28812
28584 28368 28152 27936
27708 27468 27228 26988
26508 26220 25956 26016
25728 25452 25176 24912
24624 24336 24048 23736
23256 22920 22596 22584
22248 21912 21588 21276
20952 20616 20268 19920
19440 19056 18672 18588
18204 17832 17472 17112
16752 16380 15996 15600
15132 14712 14304 14136
13728 13320 12924 12540
12144 11736 11328 10896
10464 10008 9576 9336
8904 8472 8052 7644
7224 6804 6372 5928
5532 5064 4608 4308
3852 3420 2988 2568
2148 1716 1272 816
468 0 -468 -828
-1284 -1716 -2148 -2580
-3000 -3432 -3864 -4320
-4620 -5076 -5544 -5940
-6384 -6816 -7236 -7656
-8064 -8484 -8916 -9348
-9588 -10020 -10476 -10908
-11340 -11748 -12144 -12552
-12936 -13332 -13740 -14148
-14316 -14724 -15144 -15612
-16008 -16380 -16764 -17124
-17484 -17844 -18216 -18600
-18684 -19056 -19440 -19932
-20280 -20628 -20952 -21288
-21600 -21924 -22260 -22596
-22608 -22932 -23268 -23748
-24060 -24348 -24636 -24924
-25188 -25464 -25740 -26028
-25968 -26232 -26520 -27000
-27240 -27480 -27720 -27948
-28152 -28380 -28596 -28824
-28692 -28896 -29112 -29568
-29760 -29928 -30108 -30288
-30432 -30588 -30756 -30912
-30708 -30840 -30996 -31416
-31536 -31644 -31764 -31872
-31956 -32052 -32148 -32244
-31968 -32028 -32112 -32496
-32544 -32580 -32628 -32676
-32700 -32724 -32748 32764
-32436 -32424 -32436 32764
-32748 -32724 -32700 -32676
-32628 -32580 -32544 -32496
-32112 -32028 -31968 -32244
-32148 -32052 -31956 -31872
-31764 -31644 -31536 -31416
-30996 -30840 -30708 -30912
-30756 -30588 -30432 -30288
-30108 -29928 -29760 -29568
-29112 -28896 -28692 -28824
-28596 -28380 -28152 -27948
-27720 -27480 -27240 -27000
-26520 -26232 -25968 -26028
-25740 -25464 -25188 -24924
-24636 -24348 -24060 -23748
-23268 -22932 -22608 -22596
-22260 -21924 -21600 -21288
-20952 -20628 -20280 -19932
-19440 -19056 -18684 -18600
-18216 -17844 -17484 -17124
-16764 -16380 -16008 -15612
-15144 -14724 -14316 -14148
-13740 -13332 -12936 -12552
-12144 -11748 -11340 -10908
-10476 -10020 -9588 -9348
-8916 -8484 -8064 -7656
-7236 -6816 -6384 -5940
-5544 -5076 -4620 -4320
-3864 -3432 -3000 -2580
-2148 -1716 -1284 -828
-468 0 468 816
1272 1716 2148 2568
2988 3420 3852 4308
4608 5064 5532 5928
6372 6804 7224 7644
8052 8472 8904 9336
9576 10008 10464 10896
11328 11736 12144 12540
12924 13320 13728 14136
14304 14712 15132 15600
15996 16380 16752 17112
17472 17832 18204 18588
18672 19056 19440 19920
20268 20616 20952 21276
21588 21912 22248 22584
22596 22920 23256 23736
24048 24336 24624 24912
25176 25452 25728 26016
25956 26220 26508 26988
27228 27468 27708 27936
28152 28368 28584 28812
28680 28884 29100 29556
29748 29916 30096 30276
30420 30576 30744 30900
30696 30828 30984 31404
31524 31632 31752 31860
31944 32040 32136 32232
31956 32016 32100 32484
32532 32568 32616 32664
32688 32712 32736 32760
32424 32412 32424 32760
32736 32712 32688 32664
32616 32568 32532 32484
32100 32016 31956 32232
32136 32040 31944 31860
31752 31632 31524 31404
30984 30828 30696 30900
30744 30576 30420 30276
30096 29916 29748 29556
29100 28884 28680 28812
28584 28368 28152 27936
27708 27468 27228 26988
26508 26220 25956 26016
25728 25452 25176 24912
24624 24336 24048 23736
23256 22920 22596 22584
22248 21912 21588 21276
20952 20616 20268 19920
19440 19056 18672 18588
18204 17832 17472 17112
16752 16380 15996 15600
15132 14712 14304 14136
13728 13320 12924 12540
12144 11736 11328 10896
10464 10008 9576 9336
8904 8472 8052 7644
7224 6804 6372 5928
5532 5064 4608 4308
3852 3420 2988 2568
2148 1716 1272 816
468 0 -468 -828
-1284 -1716 -2148 -2580
-3000 -3432 -3864 -4320
-4620 -5076 -5544 -5940
-6384 -6816 -7236 -7656
-8064 -8484 -8916 -9348
-9588 -10020 -10476 -10908
-11340 -11748 -12144 -12552
-12936 -13332 -13740 -14148
-14316 -14724 -15144 -15612
-16008 -16380 -16764 -17124
-17484 -17844 -18216 -18600
-18684 -19056 -19440 -19932
-20280 -20628 -20952 -21288
-21600 -21924 -22260 -22596
-22608 -22932 -23268 -23748
-24060 -24348 -24636 -24924
-25188 -25464 -25740 -26028
-25968 -26232 -26520 -27000
-27240 -27480 -27720 -27948
-28152 -28380 -28596 -28824
-28692 -28896 -29112 -29568
-29760 -29928 -30108 -30288
-30432 -30588 -30756 -30912
-30708 -30840 -30996 -31416
-31536 -31644 -31764 -31872
-31956 -32052 -32148 -32244
-31968 -32028 -32112 -32496
-32544 -32580 -32628 -32676
-32700 -32724 -32748 32764
-32436 -32424 -32436 32764
-32748 -32724 -32700 -32676
-32628 -32580 -32544 -32496
-32112 -32028 -31968 -32244
-32148 -32052 -31956 -31872
-31764 -31644 -31536 -31416
-30996 -30840 -30708 -30912
-30756 -30588 -30432 -30288
-30108 -29928 -29760 -29568
-29112 -28896 -28692 -28824
-28596 -28380 -28152 -27948
-27720 -27480 -27240 -27000
-26520 -26232 -25968 -26028
-25740 -25464 -25188 -24924
-24636 -24348 -24060 -23748
-23268 -22932 -22608 -22596
-22260 -21924 -21600 -21288
-20952 -20628 -20280 -19932
-19440 -19056 -18684 -18600
-18216 -17844 -17484 -17124
-16764 -16380 -16008 -15612
-15144 -14724 -14316 -14148
-13740 -13332 -12936 -12552
-12144 -11748 -11340 -10908
-10476 -10020 -9588 -9348
-8916 -8484 -8064 -7656
-7236 -6816 -6384 -5940
-5544 -5076 -4620 -4320
-3864 -3432 -3000 -2580
-2148 -1716 -1284 -828
-468 0 468 816
1272 1716 2148 2568
2988 3420 3852 4308
4608 5064 5532 5928
6372 6804 7224 7644
8052 8472 8904 9336
9576 10008 10464 10896
11328 11736 12144 12540
12924 13320 13728 14136
14304 14712 15132 15600
15996 16380 16752 17112
17472 17832 18204 18588
18672 19056 19440 19920
20268 20616 20952 21276
21588 21912 22248 22584
22596 22920 23256 23736
24048 24336 24624 24912
25176 25452 25728 26016
25956 26220 26508 26988
27228 27468 27708 27936
28152 28368 28584 28812
28680 28884 29100 29556
29748 29916 30096 30276
30420 30576 30744 30900
30696 30828 30984 31404
31524 31632 31752 31860
31944 32040 32136 32232
31956 32016 32100 32484
32532 32568 32616 32664
32688 32712 32736 32760
32424 32412 32424 32760
32736 32712 32688 32664
32616 32568 32532 32484
32100 32016 31956 32232
32136 32040 31944 31860
31752 31632 31524 31404
30984 30828 30696 30900
30744 30576 30420 30276
30096 29916 29748 29556
29100 28884 28680 28812
28584 28368 28152 27936
27708 27468 27228 26988
26508 26220 25956 26016
25728 25452 25176 24912
24624 24336 24048 23736
23256 22920 22596 22584
22248 21912 21588 21276
20952 20616 20268 19920
19440 19056 18672 18588
18204 17832 17472 17112
16752 16380 15996 15600
15132 14712 14304 14136
13728 13320 12924 12540
12144 11736 11328 10896
10464 10008 9576 9336
8904 8472 8052 7644
7224 6804 6372 5928
5532 5064 4608 4308
3852 3420 2988 2568
2148 1716 1272 816
468 0 -468 -828
-1284 -1716 -2148 -2580
-3000 -3432 -3864 -4320
-4620 -5076 -5544 -5940
-6384 -6816 -7236 -7656
-8064 -8484 -8916 -9348
-9588 -10020 -10476 -10908
-11340 -11748 -12144 -12552
-12936 -13332 -13740 -14148
-14316 -14724 -15144 -15612
-16008 -16380 -16764 -17124
-17484 -17844 -18216 -18600
-18684 -19056 -19440 -19932
-20280 -20628 -20952 -21288
-21600 -21924 -22260 -22596
-22608 -22932 -23268 -23748
-24060 -24348 -24636 -24924
-25188 -25464 -25740 -26028
-25968 -26232 -26520 -27000
-27240 -27480 -27720 -27948
-28152 -28380 -28596 -28824
-28692 -28896 -29112 -29568
-29760 -29928 -30108 -30288
-30432 -30588 -30756 -30912
-30708 -30840 -30996 -31416
-31536 -31644 -31764 -31872
-31956 -32052 -32148 -32244
-31968 -32028 -32112 -32496
-32544 -32580 -32628 -32676
-32700 -32724 -32748 32764
-32436 -32424 -32436 32764
-32748 -32724 -32700 -32676
-32628 -32580 -32544 -32496
-32112 -32028 -31968 -32244
-32148 -32052 -31956 -31872
-31764 -31644 -31536 -31416
-30996 -30840 -30708 -30912
-30756 -30588 -30432 -30288
-30108 -29928 -29760 -29568
-29112 -28896 -28692 -28824
-28596 -28380 -28152 -27948
-27720 -27480 -27240 -27000
-26520 -26232 -25968 -26028
-25740 -25464 -25188 -24924
-24636 -24348 -24060 -23748
-23268 -22932 -22608 -22596
-22260 -21924 -21600 -21288
-20952 -20628 -20280 -19932
-19440 -19056 -18684 -18600
-18216 -17844 -17484 -17124
-16764 -16380 -16008 -15612
-15144 -14724 -14316 -14148
-13740 -13332 -12936 -12552
-12144 -11748 -11340 -10908
-10476 -10020 -9588 -9348
-8916 -8484 -8064 -7656
-7236 -6816 -6384 -5940
-5544 -5076 -4620 -4320
-3864 -3432 -3000 -2580
-2148 -1716 -1284 -828
-468 0 468 816
1272 1716 2148 2568
2988 3420 3852 4308
4608 5064 5532 5928
6372 6804 7224 7644
8052 8472 8904 9336
9576 10008 10464 10896
11328 11736 12144 12540
12924 13320 13728 14136
14304 14712 15132 15600
15996 16380 16752 17112
17472 17832 18204 18588
18672 19056 19440 19920
20268 20616 20952 21276
21588 21912 22248 22584
22596 22920 23256 23736
24048 24336 24624 24912
25176 25452 25728 26016
25956 26220 26508 26988
27228 27468 27708 27936
28152 28368 28584 28812
28680 28884 29100 29556
29748 29916 30096 30276
30420 30576 30744 30900
30696 30828 30984 31404
31524 31632 31752 31860
31944 32040 32136 32232
31956 32016 32100 32484
32532 32568 32616 32664
32688 32712 32736 32760
32424 32412 32424 32760
32736 32712 32688 32664
32616 32568 32532 32484
32100 32016 31956 32232
32136 32040 31944 31860
31752 31632 31524 31404
30984 30828 30696 30900
30744 30576 30420 30276
30096 29916 29748 29556
29100 28884 28680 28812
28584 28368 28152 27936
27708 27468 27228 26988
26508 26220 25956 26016
25728 25452 25176 24912
24624 24336 24048 23736
23256 22920 22596 22584
22248 21912 21588 21276
20952 20616 20268 19920
19440 19056 18672 18588
18204 17832 17472 17112
16752 16380 15996 15600
15132 14712 14304 14136
13728 13320 12924 12540
12144 11736 11328 10896
10464 10008 9576 9336
8904 8472 8052 7644
7224 6804 6372 5928
5532 5064 4608 4308
3852 3420 2988 2568
2148 1716 1272 816
468 0 -468 -828
-1284 -1716 -2148 -2580
-3000 -3432 -3864 -4320
-4620 -5076 -5544 -5940
-6384 -6816 -7236 -7656
-8064 -8484 -8916 -9348
-9588 -10020 -10476 -10908
-11340 -11748 -12144 -12552
-12936 -13332 -13740 -14148
-14316 -14724 -15144 -15612
-16008 -16380 -16764 -17124
-17484 -17844 -18216 -18600
-18684 -19056 -19440 -19932
-20280 -20628 -20952 -21288
-21600 -21924 -22260 -22596
-22608 -22932 -23268 -23748
-24060 -24348 -24636 -24924
-25188 -25464 -25740 -26028
-25968 -26232 -26520 -27000
-27240 -27480 -27720 -27948
-28152 -28380 -28596 -28824
-28692 -28896 -29112 -29568
-29760 -29928 -30108 -30288
-30432 -30588 -30756 -30912
-30708 -30840 -30996 -31416
-31536 -31644 -31764 -31872
-31956 -32052 -32148 -32244
-31968 -32028 -32112 -32496
-32544 -32580 -32628 -32676
-32700 -32724 -32748 32764
-32436 -32424 -32436 32764
-32748 -32724 -32700 -32676
-32628 -32580 -32544 -32496
-32112 -32028 -31968 -32244
-32148 -32052 -31956 -31872
-31764 -31644 -31536 -31416
-30996 -30840 -30708 -30912
-30756 -30588 -30432 -30288
-30108 -29928 -29760 -29568
-29112 -28896 -28692 -28824
-28596 -28380 -28152 -27948
-27720 -27480 -27240 -27000
-26520 -26232 -25968 -26028
-25740 -25464 -25188 -24924
-24636 -24348 -24060 -23748
-23268 -22932 -22608 -22596
-22260 -21924 -21600 -21288
-20952 -20628 -20280 -19932
-19440 -19056 -18684 -18600
-18216 -17844 -17484 -17124
-16764 -16380 -16008 -15612
-15144 -14724 -14316 -14148
-13740 -13332 -12936 -12552
-12144 -11748 -11340 -10908
-10476 -10020 -9588 -9348
-8916 -8484 -8064 -7656
-7236 -6816 -6384 -5940
-5544 -5076 -4620 -4320
-3864 -3432 -3000 -2580
-2148 -1716 -1284 -828
-468 0 468 816
1272 1716 2148 2568
2988 3420 3852 4308
4608 5064 5532 5928
6372 6804 7224 7644
8052 8472 8904 9336
9576 10008 10464 10896
11328 11736 12144 12540
12924 13320 13728 14136
14304 14712 15132 15600
15996 16380 16752 17112
17472 17832 18204 18588
18672 19056 19440 19920
20268 20616 20952 21276
21588 21912 22248 22584
22596 22920 23256 23736
24048 24336 24624 24912
25176 25452 25728 26016
25956 26220 26508 26988
27228 27468 27708 27936
28152 28368 28584 28812
28680 28884 29100 29556
29748 29916 30096 30276
30420 30576 30744 30900
30696 30828 30984 31404
31524 31632 31752 31860
31944 32040 32136 32232
31956 32016 32100 32484
32532 32568 32616 32664
32688 32712 32736 32760
32424 32412 32424 32760
32736 32712 32688 32664
32616 32568 32532 32484
32100 32016 31956 32232
32136 32040 31944 31860
31752 31632 31524 31404
30984 30828 30696 30900
30744 30576 30420 30276
30096 29916 29748 29556
29100 28884 28680 28812
28584 28368 28152 27936
27708 27468 27228 26988
26508 26220 25956 26016
25728 25452 25176 24912
24624 24336 24048 23736
23256 22920 22596 22584
22248 21912 21588 21276
20952 20616 20268 19920
19440 19056 18672 18588
18204 17832 17472 17112
16752 16380 15996 15600
15132 14712 14304 14136
13728 13320 12924 12540
12144 11736 11328 10896
10464 10008 9576 9336
8904 8472 8052 7644
7224 6804 6372 5928
5532 5064 4608 4308
3852 3420 2988 2568
2148 1716 1272 816
468 0 -468 -828
-1284 -1716 -2148 -2580
-3000 -3432 -3864 -4320
-4620 -5076 -5544 -5940
-6384 -6816 -7236 -7656
-8064 -8484 -8916 -9348
-9588 -10020 -10476 -10908
-11340 -11748 -12144 -12552
-12936 -13332 -13740 -14148
-14316 -14724 -15144 -15612
-16008 -16380 -16764 -17124
-17484 -17844 -18216 -18600
-18684 -19056 -19440 -19932
-20280 -20628 -20952 -21288
-21600 -21924 -22260 -22596
-22608 -22932 -23268 -23748
-24060 -24348 -24636 -24924
-25188 -25464 -25740 -26028
-25968 -26232 -26520 -27000
-27240 -27480 -27720 -27948
-28152 -28380 -28596 -28824
-28692 -28896 -29112 -29568
-29760 -29928 -30108 -30288
-30432 -30588 -30756 -30912
-30708 -30840 -30996 -31416
-31536 -31644 -31764 -31872
-31956 -32052 -32148 -32244
-31968 -32028 -32112 -32496
-32544 -32580 -32628 -32676
-32700 -32724 -32748 32764
